experiment_id,dag_size,method,identifiability,adjustment_set,true_parents,nb_CI_tests
100_0,100,locpc,True,[],['81'],1234
100_0,100,ldecc,True,['11'],['81'],3669
100_0,100,pc,True,[],['81'],14483
100_0,100,CMB,False,,['81'],15435
100_0,100,MBbyMB,False,,['81'],35103
100_1,100,locpc,True,"['22', '33', '0']","['8', '33', '62']",952
100_1,100,ldecc,False,,"['8', '33', '62']",12809
100_1,100,pc,True,"['8', '22', '0', '33']","['8', '33', '62']",16598
100_1,100,CMB,True,[],"['8', '33', '62']",5805
100_1,100,MBbyMB,True,"['8', '44', '33', '36', '0']","['8', '33', '62']",4163
100_2,100,locpc,True,"['96', '15', '6']","['15', '96']",1256
100_2,100,ldecc,True,[],"['15', '96']",372
100_2,100,pc,True,"['96', '6', '15']","['15', '96']",18999
100_2,100,CMB,True,['6'],"['15', '96']",6683
100_2,100,MBbyMB,True,"['0', '13', '39', '15', '6']","['15', '96']",4468
100_3,100,locpc,True,"['79', '75']",['75'],1035
100_3,100,ldecc,True,[],['75'],9744
100_3,100,pc,True,"['75', '79']",['75'],19035
100_3,100,CMB,True,"['75', '11', '79']",['75'],3961
100_3,100,MBbyMB,True,"['56', '37']",['75'],4368
100_4,100,locpc,True,['0'],['0'],2925
100_4,100,ldecc,True,"['43', '20']",['0'],2570
100_4,100,pc,True,['0'],['0'],19000
100_4,100,CMB,True,['26'],['0'],7205
100_4,100,MBbyMB,True,"['36', '81', '18', '0', '95']",['0'],3353
100_5,100,locpc,True,['0'],['0'],1168
100_5,100,ldecc,True,"['0', '61']",['0'],3607
100_5,100,pc,True,[],['0'],16222
100_5,100,CMB,False,,['0'],19005
100_5,100,MBbyMB,True,"['20', '63', '0', '2']",['0'],1704
100_6,100,locpc,True,"['95', '89']",['95'],1168
100_6,100,ldecc,True,"['19', '94', '47', '89']",['95'],2754
100_6,100,pc,True,"['89', '95']",['95'],20379
100_6,100,CMB,True,['89'],['95'],5954
100_6,100,MBbyMB,True,"['94', '69', '95', '82']",['95'],5007
100_7,100,locpc,True,"['73', '17', '22']","['29', '73']",1202
100_7,100,ldecc,True,['29'],"['29', '73']",14713
100_7,100,pc,True,"['22', '73', '17', '29']","['29', '73']",20337
100_7,100,CMB,True,"['73', '22']","['29', '73']",3220
100_7,100,MBbyMB,True,"['37', '52', '73', '22']","['29', '73']",3433
100_8,100,locpc,True,"['72', '89', '33']",['89'],1329
100_8,100,ldecc,True,['89'],['89'],1041
100_8,100,pc,True,"['72', '89', '33']",['89'],18353
100_8,100,CMB,False,,['89'],39026
100_8,100,MBbyMB,False,,['89'],51102
100_9,100,locpc,False,,['42'],892
100_9,100,ldecc,True,"['4', '42']",['42'],1943
100_9,100,pc,True,[],['42'],17611
100_9,100,CMB,True,['42'],['42'],3450
100_9,100,MBbyMB,True,['42'],['42'],5406
100_10,100,locpc,True,"['17', '70']",['70'],3237
100_10,100,ldecc,True,"['51', '87', '59']",['70'],2657
100_10,100,pc,True,"['17', '70']",['70'],19901
100_10,100,CMB,True,['61'],['70'],2706
100_10,100,MBbyMB,True,"['51', '70', '15', '17']",['70'],4333
100_11,100,locpc,False,,['23'],7053
100_11,100,ldecc,True,['23'],['23'],510
100_11,100,pc,True,[],['23'],21591
100_11,100,CMB,True,"['23', '25']",['23'],10854
100_11,100,MBbyMB,True,"['1', '11', '97', '23', '36', '15', '7']",['23'],8673
100_12,100,locpc,True,"['12', '74', '34']",['74'],1999
100_12,100,ldecc,True,"['23', '74', '37']",['74'],6078
100_12,100,pc,True,"['34', '12', '74']",['74'],24828
100_12,100,CMB,True,['74'],['74'],449
100_12,100,MBbyMB,True,"['25', '45', '90', '74', '34']",['74'],6060
100_13,100,locpc,True,[],['92'],162
100_13,100,ldecc,True,"['36', '60']",['92'],5440
100_13,100,pc,True,['60'],['92'],19432
100_13,100,CMB,True,['60'],['92'],5622
100_13,100,MBbyMB,True,"['7', '5']",['92'],1480
100_14,100,locpc,True,[],"['2', '48']",2580
100_14,100,ldecc,True,"['48', '2']","['2', '48']",9726
100_14,100,pc,True,"['63', '48']","['2', '48']",16922
100_14,100,CMB,True,"['48', '63']","['2', '48']",6890
100_14,100,MBbyMB,True,[],"['2', '48']",5047
100_15,100,locpc,False,,"['49', '90']",932
100_15,100,ldecc,True,"['49', '90']","['49', '90']",2277
100_15,100,pc,True,[],"['49', '90']",17586
100_15,100,CMB,True,['90'],"['49', '90']",4733
100_15,100,MBbyMB,False,,"['49', '90']",44172
100_16,100,locpc,True,"['53', '14', '67', '10']","['10', '14', '53']",2549
100_16,100,ldecc,True,"['85', '56', '53', '91', '5']","['10', '14', '53']",5200
100_16,100,pc,True,"['67', '10', '14', '53']","['10', '14', '53']",21252
100_16,100,CMB,True,['10'],"['10', '14', '53']",4325
100_16,100,MBbyMB,True,"['14', '21', '33', '95', '45', '25', '10', '53', '19']","['10', '14', '53']",13355
100_17,100,locpc,True,"['3', '93']",['3'],1087
100_17,100,ldecc,True,"['62', '71', '4']",['3'],7934
100_17,100,pc,True,"['3', '93']",['3'],18898
100_17,100,CMB,True,['93'],['3'],6344
100_17,100,MBbyMB,True,"['96', '4']",['3'],4368
100_18,100,locpc,True,"['83', '44', '99']","['44', '83']",1388
100_18,100,ldecc,True,"['42', '44', '83']","['44', '83']",5304
100_18,100,pc,True,"['83', '99', '44', '42']","['44', '83']",20071
100_18,100,CMB,True,"['44', '42']","['44', '83']",5591
100_18,100,MBbyMB,True,"['9', '83']","['44', '83']",3828
100_19,100,locpc,True,"['4', '38', '99']","['38', '99']",2415
100_19,100,ldecc,True,"['43', '17']","['38', '99']",15759
100_19,100,pc,True,"['4', '99', '38']","['38', '99']",26478
100_19,100,CMB,True,"['25', '99', '38']","['38', '99']",3662
100_19,100,MBbyMB,True,"['92', '99', '38']","['38', '99']",3707
100_20,100,locpc,True,[],"['77', '98']",214
100_20,100,ldecc,True,"['98', '99', '66']","['77', '98']",1909
100_20,100,pc,True,['98'],"['77', '98']",17112
100_20,100,CMB,True,"['85', '98', '51']","['77', '98']",1294
100_20,100,MBbyMB,True,"['50', '98']","['77', '98']",1256
100_21,100,locpc,True,"['15', '69']","['15', '50']",1086
100_21,100,ldecc,True,"['73', '75']","['15', '50']",4618
100_21,100,pc,False,,"['15', '50']",18853
100_21,100,CMB,True,"['50', '69']","['15', '50']",8223
100_21,100,MBbyMB,True,"['30', '15']","['15', '50']",4500
100_22,100,locpc,True,[],['40'],1711
100_22,100,ldecc,True,[],['40'],10203
100_22,100,pc,True,"['47', '29', '1', '85', '52', '89', '56', '33']",['40'],21539
100_22,100,CMB,True,"['1', '47', '52', '56']",['40'],7233
100_22,100,MBbyMB,True,"['37', '70', '63', '12', '1', '29', '52']",['40'],11980
100_23,100,locpc,True,"['3', '13', '64', '74']",['12'],6201
100_23,100,ldecc,True,"['90', '78']",['12'],301
100_23,100,pc,True,"['3', '64', '74', '13']",['12'],22108
100_23,100,CMB,True,['12'],['12'],1662
100_23,100,MBbyMB,True,"['54', '57', '88', '12', '89', '3']",['12'],6948
100_24,100,locpc,False,,"['20', '57']",2583
100_24,100,ldecc,True,"['57', '20']","['20', '57']",4481
100_24,100,pc,True,[],"['20', '57']",18836
100_24,100,CMB,False,,"['20', '57']",36361
100_24,100,MBbyMB,True,"['67', '57', '20', '66', '81']","['20', '57']",4001
100_25,100,locpc,True,['12'],['12'],919
100_25,100,ldecc,False,,['12'],13638
100_25,100,pc,True,['12'],['12'],23799
100_25,100,CMB,True,['12'],['12'],3133
100_25,100,MBbyMB,False,,['12'],55072
100_26,100,locpc,True,"['29', '51', '70', '49']",['49'],1046
100_26,100,ldecc,True,['29'],['49'],9903
100_26,100,pc,True,"['51', '29', '70', '49']",['49'],17992
100_26,100,CMB,True,['29'],['49'],840
100_26,100,MBbyMB,True,[],['49'],2714
100_27,100,locpc,True,[],"['12', '82']",312
100_27,100,ldecc,True,"['12', '82', '40']","['12', '82']",1305
100_27,100,pc,True,"['4', '48', '12', '40']","['12', '82']",20857
100_27,100,CMB,True,"['12', '40']","['12', '82']",3340
100_27,100,MBbyMB,True,"['38', '82', '12', '40', '48']","['12', '82']",9779
100_28,100,locpc,True,['64'],['64'],1451
100_28,100,ldecc,True,"['72', '25', '18']",['64'],356
100_28,100,pc,True,['64'],['64'],16188
100_28,100,CMB,True,"['64', '56']",['64'],13556
100_28,100,MBbyMB,True,"['93', '64', '56']",['64'],2692
100_29,100,locpc,True,"['59', '4', '58']","['4', '59', '71']",1650
100_29,100,ldecc,True,"['4', '71', '59']","['4', '59', '71']",6594
100_29,100,pc,True,"['59', '4']","['4', '59', '71']",16921
100_29,100,CMB,True,"['4', '59']","['4', '59', '71']",7414
100_29,100,MBbyMB,True,"['4', '17', '33', '43', '59', '71', '93']","['4', '59', '71']",8205
100_30,100,locpc,True,"['94', '51', '80']",['9'],1227
100_30,100,ldecc,True,"['51', '94', '46']",['9'],2223
100_30,100,pc,True,"['94', '80', '9', '51']",['9'],16250
100_30,100,CMB,False,,['9'],41332
100_30,100,MBbyMB,True,"['9', '57', '59', '80']",['9'],2678
100_31,100,locpc,False,,['51'],1224
100_31,100,ldecc,True,"['92', '71']",['51'],1505
100_31,100,pc,False,,['51'],15960
100_31,100,CMB,True,['71'],['51'],6410
100_31,100,MBbyMB,True,"['56', '51', '97', '21']",['51'],3329
100_32,100,locpc,True,['49'],['80'],1239
100_32,100,ldecc,True,"['49', '56', '37']",['80'],480
100_32,100,pc,True,[],['80'],16702
100_32,100,CMB,True,['80'],['80'],2493
100_32,100,MBbyMB,True,"['24', '80', '49']",['80'],1813
100_33,100,locpc,True,[],['27'],2455
100_33,100,ldecc,True,"['27', '12']",['27'],2044
100_33,100,pc,True,[],['27'],21253
100_33,100,CMB,True,"['3', '27']",['27'],4927
100_33,100,MBbyMB,True,['32'],['27'],4031
100_34,100,locpc,True,"['35', '32', '68', '41']","['59', '63']",4479
100_34,100,ldecc,True,['41'],"['59', '63']",3797
100_34,100,pc,True,"['41', '35', '32', '68']","['59', '63']",22212
100_34,100,CMB,True,['41'],"['59', '63']",6444
100_34,100,MBbyMB,True,"['55', '90', '41']","['59', '63']",5325
100_35,100,locpc,True,[],['58'],2915
100_35,100,ldecc,True,"['68', '57']",['58'],5924
100_35,100,pc,True,[],['58'],19201
100_35,100,CMB,True,['3'],['58'],1654
100_35,100,MBbyMB,True,[],['58'],1480
100_36,100,locpc,True,[],['13'],3120
100_36,100,ldecc,True,"['34', '7', '43', '25']",['13'],9843
100_36,100,pc,True,[],['13'],18963
100_36,100,CMB,True,"['13', '43', '64']",['13'],6098
100_36,100,MBbyMB,True,"['30', '34', '7']",['13'],6760
100_37,100,locpc,True,"['36', '6']","['6', '36']",3512
100_37,100,ldecc,True,"['6', '36']","['6', '36']",3778
100_37,100,pc,True,"['6', '36']","['6', '36']",18339
100_37,100,CMB,True,"['36', '6']","['6', '36']",49879
100_37,100,MBbyMB,True,"['90', '29', '36', '6', '21']","['6', '36']",3900
100_38,100,locpc,True,"['2', '80']",['26'],1043
100_38,100,ldecc,True,"['26', '2']",['26'],5323
100_38,100,pc,True,"['26', '80', '2']",['26'],18323
100_38,100,CMB,True,"['26', '2']",['26'],8865
100_38,100,MBbyMB,True,"['65', '71', '26', '75', '2']",['26'],4648
100_39,100,locpc,False,,['8'],1432
100_39,100,ldecc,True,"['8', '15']",['8'],708
100_39,100,pc,False,,['8'],16817
100_39,100,CMB,False,,['8'],37417
100_39,100,MBbyMB,True,"['59', '8', '15']",['8'],18466
100_40,100,locpc,True,"['88', '10', '17']",['88'],1033
100_40,100,ldecc,True,"['79', '40']",['88'],393
100_40,100,pc,True,"['88', '10', '17']",['88'],16358
100_40,100,CMB,True,"['88', '10']",['88'],2440
100_40,100,MBbyMB,True,"['89', '41', '88', '17']",['88'],4428
100_41,100,locpc,False,,['2'],2635
100_41,100,ldecc,True,"['73', '82', '2']",['2'],1881
100_41,100,pc,False,,['2'],17839
100_41,100,CMB,False,,['2'],20829
100_41,100,MBbyMB,True,"['52', '53', '8', '2', '80']",['2'],2707
100_42,100,locpc,True,"['89', '15']",['15'],1784
100_42,100,ldecc,True,"['69', '15']",['15'],1054
100_42,100,pc,True,"['89', '15']",['15'],22037
100_42,100,CMB,True,['15'],['15'],2366
100_42,100,MBbyMB,True,"['59', '15', '89', '4']",['15'],4531
100_43,100,locpc,True,"['16', '35', '3', '47', '86', '78']","['3', '86']",2675
100_43,100,ldecc,True,"['48', '16', '36']","['3', '86']",2201
100_43,100,pc,True,"['16', '47', '35', '86', '3', '78']","['3', '86']",17524
100_43,100,CMB,True,['86'],"['3', '86']",3055
100_43,100,MBbyMB,True,"['72', '1', '13', '86', '3', '78']","['3', '86']",5176
100_44,100,locpc,False,,"['12', '29', '81']",782
100_44,100,ldecc,False,,"['12', '29', '81']",12298
100_44,100,pc,True,"['29', '81']","['12', '29', '81']",16769
100_44,100,CMB,True,"['29', '59', '81', '12']","['12', '29', '81']",2495
100_44,100,MBbyMB,True,"['29', '77', '81']","['12', '29', '81']",1903
100_45,100,locpc,True,['79'],"['73', '79']",2781
100_45,100,ldecc,True,"['66', '84', '40', '11']","['73', '79']",7892
100_45,100,pc,True,['79'],"['73', '79']",16391
100_45,100,CMB,True,"['79', '58']","['73', '79']",10066
100_45,100,MBbyMB,True,"['41', '56', '65', '79', '73', '58']","['73', '79']",5386
100_46,100,locpc,True,"['98', '69', '90']","['69', '90']",2741
100_46,100,ldecc,True,"['69', '90']","['69', '90']",2360
100_46,100,pc,True,"['98', '90']","['69', '90']",20852
100_46,100,CMB,True,"['90', '13', '60']","['69', '90']",4301
100_46,100,MBbyMB,True,"['42', '69']","['69', '90']",4630
100_47,100,locpc,True,"['64', '38', '2']",['2'],930
100_47,100,ldecc,True,"['18', '64', '93']",['2'],8358
100_47,100,pc,True,"['38', '2', '64']",['2'],14231
100_47,100,CMB,True,"['2', '38']",['2'],855
100_47,100,MBbyMB,True,"['42', '2', '38', '96']",['2'],3596
100_48,100,locpc,True,[],['20'],2573
100_48,100,ldecc,True,[],['20'],9848
100_48,100,pc,True,[],['20'],19523
100_48,100,CMB,True,['20'],['20'],1282
100_48,100,MBbyMB,True,['64'],['20'],4999
100_49,100,locpc,True,"['75', '83', '35']",['83'],701
100_49,100,ldecc,True,"['63', '83']",['83'],851
100_49,100,pc,True,"['35', '75', '83']",['83'],15139
100_49,100,CMB,False,,['83'],12459
100_49,100,MBbyMB,True,"['83', '9', '35']",['83'],1997
100_50,100,locpc,True,"['78', '88']","['78', '88']",855
100_50,100,ldecc,True,"['88', '78']","['78', '88']",388
100_50,100,pc,True,"['88', '78']","['78', '88']",18662
100_50,100,CMB,True,"['88', '78']","['78', '88']",159
100_50,100,MBbyMB,True,"['88', '78']","['78', '88']",3815
100_51,100,locpc,False,,"['46', '69']",2335
100_51,100,ldecc,True,['66'],"['46', '69']",706
100_51,100,pc,False,,"['46', '69']",19397
100_51,100,CMB,True,"['77', '69', '46', '58']","['46', '69']",3225
100_51,100,MBbyMB,True,"['91', '69', '46']","['46', '69']",1756
100_52,100,locpc,True,"['47', '41']","['22', '41']",1277
100_52,100,ldecc,True,"['41', '33', '22']","['22', '41']",8291
100_52,100,pc,True,"['41', '22', '47']","['22', '41']",17624
100_52,100,CMB,True,['83'],"['22', '41']",10289
100_52,100,MBbyMB,True,"['80', '51', '41', '22', '47', '83']","['22', '41']",5156
100_53,100,locpc,True,['12'],['12'],1270
100_53,100,ldecc,True,['40'],['12'],859
100_53,100,pc,True,[],['12'],18615
100_53,100,CMB,True,"['35', '12', '40']",['12'],2628
100_53,100,MBbyMB,True,"['12', '40']",['12'],5775
100_54,100,locpc,True,"['21', '77', '33', '91', '42', '59']","['59', '77']",3221
100_54,100,ldecc,True,"['91', '42', '77', '59']","['59', '77']",6077
100_54,100,pc,True,"['91', '33', '59', '77', '21', '42']","['59', '77']",17359
100_54,100,CMB,True,"['21', '91']","['59', '77']",5788
100_54,100,MBbyMB,True,"['3', '29', '2', '46', '59', '21', '42', '91']","['59', '77']",6903
100_55,100,locpc,True,"['73', '54']",['54'],1168
100_55,100,ldecc,True,"['43', '83']",['54'],422
100_55,100,pc,True,"['73', '54']",['54'],15706
100_55,100,CMB,False,,['54'],17045
100_55,100,MBbyMB,False,,['54'],36458
100_56,100,locpc,True,"['30', '62']",['30'],700
100_56,100,ldecc,True,"['13', '30']",['30'],3042
100_56,100,pc,True,"['62', '30']",['30'],17787
100_56,100,CMB,False,,['30'],29928
100_56,100,MBbyMB,True,"['66', '30']",['30'],2479
100_57,100,locpc,False,,['20'],1176
100_57,100,ldecc,True,"['69', '20']",['20'],1449
100_57,100,pc,False,,['20'],17378
100_57,100,CMB,True,"['17', '20', '69']",['20'],2622
100_57,100,MBbyMB,True,"['42', '78', '20']",['20'],2700
100_58,100,locpc,False,,"['10', '46']",1063
100_58,100,ldecc,True,"['46', '10']","['10', '46']",907
100_58,100,pc,False,,"['10', '46']",15150
100_58,100,CMB,True,"['46', '10']","['10', '46']",5587
100_58,100,MBbyMB,False,,"['10', '46']",36937
100_59,100,locpc,True,[],"['21', '82']",2009
100_59,100,ldecc,True,"['33', '45', '31']","['21', '82']",349
100_59,100,pc,True,[],"['21', '82']",21685
100_59,100,CMB,False,,"['21', '82']",35109
100_59,100,MBbyMB,True,"['91', '21', '82']","['21', '82']",3931
100_60,100,locpc,False,,"['28', '69']",2060
100_60,100,ldecc,True,"['1', '9']","['28', '69']",4451
100_60,100,pc,True,[],"['28', '69']",15702
100_60,100,CMB,True,[],"['28', '69']",5098
100_60,100,MBbyMB,True,"['87', '62', '16']","['28', '69']",5160
100_61,100,locpc,True,"['25', '66']","['25', '33']",1307
100_61,100,ldecc,True,[],"['25', '33']",10037
100_61,100,pc,True,"['25', '66']","['25', '33']",15917
100_61,100,CMB,True,"['25', '66']","['25', '33']",6963
100_61,100,MBbyMB,True,"['25', '33', '75']","['25', '33']",5803
100_62,100,locpc,False,,"['77', '91']",1894
100_62,100,ldecc,True,"['72', '91', '36']","['77', '91']",3632
100_62,100,pc,True,[],"['77', '91']",17181
100_62,100,CMB,True,['36'],"['77', '91']",3804
100_62,100,MBbyMB,True,['60'],"['77', '91']",3505
100_63,100,locpc,True,"['16', '88']",['16'],1837
100_63,100,ldecc,True,"['69', '88', '87', '81', '71', '79']",['16'],6206
100_63,100,pc,True,"['16', '88']",['16'],26939
100_63,100,CMB,True,['16'],['16'],1494
100_63,100,MBbyMB,True,"['23', '24', '12', '16', '42', '72', '88', '71']",['16'],6426
100_64,100,locpc,False,,"['4', '97']",1803
100_64,100,ldecc,True,"['97', '21', '4']","['4', '97']",6745
100_64,100,pc,False,,"['4', '97']",22491
100_64,100,CMB,True,"['97', '99']","['4', '97']",4846
100_64,100,MBbyMB,True,"['1', '13', '97', '4']","['4', '97']",4120
100_65,100,locpc,False,,['19'],1791
100_65,100,ldecc,True,"['19', '36']",['19'],6241
100_65,100,pc,False,,['19'],18277
100_65,100,CMB,True,"['19', '11']",['19'],2438
100_65,100,MBbyMB,True,"['35', '36']",['19'],3293
100_66,100,locpc,True,"['51', '47', '8']","['8', '47']",1201
100_66,100,ldecc,True,"['88', '87', '47']","['8', '47']",1336
100_66,100,pc,True,"['8', '47', '51']","['8', '47']",16894
100_66,100,CMB,True,['8'],"['8', '47']",3608
100_66,100,MBbyMB,True,"['87', '95']","['8', '47']",4527
100_67,100,locpc,True,"['44', '24', '83']","['24', '83']",1384
100_67,100,ldecc,True,"['44', '24']","['24', '83']",937
100_67,100,pc,True,"['24', '83', '44']","['24', '83']",16478
100_67,100,CMB,True,['24'],"['24', '83']",9190
100_67,100,MBbyMB,True,"['16', '44', '58', '83']","['24', '83']",4649
100_68,100,locpc,True,"['94', '29']","['29', '94']",586
100_68,100,ldecc,True,"['38', '33', '44', '94']","['29', '94']",984
100_68,100,pc,True,"['29', '94']","['29', '94']",17953
100_68,100,CMB,True,"['29', '94']","['29', '94']",1462
100_68,100,MBbyMB,True,"['29', '94']","['29', '94']",2435
100_69,100,locpc,True,"['99', '21', '59']","['21', '99']",835
100_69,100,ldecc,True,"['21', '99']","['21', '99']",1820
100_69,100,pc,True,"['99', '59', '21']","['21', '99']",23448
100_69,100,CMB,True,"['46', '99', '21']","['21', '99']",2181
100_69,100,MBbyMB,True,"['36', '99', '21']","['21', '99']",2426
100_70,100,locpc,True,"['83', '79']",['79'],509
100_70,100,ldecc,True,"['32', '60']",['79'],336
100_70,100,pc,True,"['83', '79']",['79'],18873
100_70,100,CMB,True,"['79', '83']",['79'],133
100_70,100,MBbyMB,True,"['87', '79', '83', '30']",['79'],2201
100_71,100,locpc,False,,['42'],4175
100_71,100,ldecc,True,"['84', '27']",['42'],323
100_71,100,pc,False,,['42'],23251
100_71,100,CMB,False,,['42'],45336
100_71,100,MBbyMB,True,"['28', '42', '44', '23', '18']",['42'],5375
100_72,100,locpc,True,['48'],"['48', '77']",2551
100_72,100,ldecc,True,"['80', '48']","['48', '77']",6276
100_72,100,pc,True,['48'],"['48', '77']",18732
100_72,100,CMB,False,,"['48', '77']",30505
100_72,100,MBbyMB,False,,"['48', '77']",51279
100_73,100,locpc,False,,"['25', '34', '90']",3313
100_73,100,ldecc,True,"['90', '25']","['25', '34', '90']",3708
100_73,100,pc,False,,"['25', '34', '90']",15819
100_73,100,CMB,True,['90'],"['25', '34', '90']",2150
100_73,100,MBbyMB,True,"['4', '25', '59', '90']","['25', '34', '90']",3623
100_74,100,locpc,True,"['69', '66']",['69'],964
100_74,100,ldecc,True,"['30', '40', '60', '13']",['69'],3145
100_74,100,pc,True,"['69', '66']",['69'],14967
100_74,100,CMB,True,['69'],['69'],2429
100_74,100,MBbyMB,True,"['69', '66']",['69'],3191
100_75,100,locpc,True,"['24', '76']","['24', '76']",1085
100_75,100,ldecc,True,"['84', '82', '20']","['24', '76']",576
100_75,100,pc,True,"['24', '76']","['24', '76']",16935
100_75,100,CMB,False,,"['24', '76']",36162
100_75,100,MBbyMB,True,"['77', '76', '24']","['24', '76']",2154
100_76,100,locpc,True,"['12', '22']","['12', '22', '81']",749
100_76,100,ldecc,True,"['22', '99']","['12', '22', '81']",379
100_76,100,pc,True,"['22', '12']","['12', '22', '81']",16011
100_76,100,CMB,True,"['22', '12', '81']","['12', '22', '81']",979
100_76,100,MBbyMB,True,"['22', '97', '99', '12']","['12', '22', '81']",2545
100_77,100,locpc,False,,['68'],1950
100_77,100,ldecc,True,['68'],['68'],9793
100_77,100,pc,False,,['68'],15811
100_77,100,CMB,True,"['68', '51']",['68'],4860
100_77,100,MBbyMB,True,[],['68'],3291
100_78,100,locpc,True,"['61', '66', '43']","['1', '61', '66']",1040
100_78,100,ldecc,True,"['47', '61']","['1', '61', '66']",3755
100_78,100,pc,True,"['61', '66', '43']","['1', '61', '66']",15656
100_78,100,CMB,True,['61'],"['1', '61', '66']",1282
100_78,100,MBbyMB,True,"['21', '61', '66', '1']","['1', '61', '66']",3663
100_79,100,locpc,True,[],"['17', '32']",7688
100_79,100,ldecc,True,"['32', '17']","['17', '32']",3248
100_79,100,pc,True,[],"['17', '32']",22274
100_79,100,CMB,True,['32'],"['17', '32']",832
100_79,100,MBbyMB,True,"['7', '2', '32', '75']","['17', '32']",6121
100_80,100,locpc,True,"['53', '4', '99', '96', '26', '59', '95']",['53'],2626
100_80,100,ldecc,True,"['53', '37', '96']",['53'],2490
100_80,100,pc,True,"['53', '59', '95', '26', '4', '99', '96']",['53'],20906
100_80,100,CMB,True,"['53', '59', '95']",['53'],10136
100_80,100,MBbyMB,True,[],['53'],9691
100_81,100,locpc,True,[],"['14', '38']",228
100_81,100,ldecc,True,"['23', '40', '56', '60']","['14', '38']",9837
100_81,100,pc,True,"['40', '23']","['14', '38']",15449
100_81,100,CMB,True,"['38', '23', '40']","['14', '38']",6282
100_81,100,MBbyMB,True,"['4', '0', '56', '60']","['14', '38']",7968
100_82,100,locpc,False,,['34'],5985
100_82,100,ldecc,True,[],['34'],10085
100_82,100,pc,False,,['34'],26584
100_82,100,CMB,True,['85'],['34'],16908
100_82,100,MBbyMB,True,"['34', '0', '12', '85']",['34'],8515
100_83,100,locpc,True,"['49', '79']","['18', '79']",1133
100_83,100,ldecc,True,['97'],"['18', '79']",2568
100_83,100,pc,True,"['79', '49']","['18', '79']",22442
100_83,100,CMB,True,['49'],"['18', '79']",8626
100_83,100,MBbyMB,True,"['76', '18', '33']","['18', '79']",4348
100_84,100,locpc,True,"['45', '25']",['41'],4509
100_84,100,ldecc,True,"['5', '76', '87']",['41'],2214
100_84,100,pc,True,"['45', '25']",['41'],21208
100_84,100,CMB,True,"['86', '41']",['41'],1620
100_84,100,MBbyMB,True,"['5', '41', '45']",['41'],6539
100_85,100,locpc,True,"['80', '64']",['64'],1275
100_85,100,ldecc,True,"['80', '64']",['64'],1895
100_85,100,pc,True,"['64', '80']",['64'],18388
100_85,100,CMB,False,,['64'],9253
100_85,100,MBbyMB,True,"['64', '50']",['64'],1854
100_86,100,locpc,False,,"['37', '72']",4954
100_86,100,ldecc,True,['38'],"['37', '72']",2496
100_86,100,pc,True,[],"['37', '72']",21413
100_86,100,CMB,False,,"['37', '72']",29623
100_86,100,MBbyMB,True,"['93', '37', '72']","['37', '72']",2420
100_87,100,locpc,True,['34'],['34'],3190
100_87,100,ldecc,True,"['34', '75']",['34'],4270
100_87,100,pc,True,"['75', '34']",['34'],22930
100_87,100,CMB,True,"['34', '75']",['34'],18761
100_87,100,MBbyMB,True,"['53', '42', '34', '75']",['34'],3369
100_88,100,locpc,False,,"['81', '95']",2232
100_88,100,ldecc,True,['81'],"['81', '95']",453
100_88,100,pc,False,,"['81', '95']",17690
100_88,100,CMB,False,,"['81', '95']",38872
100_88,100,MBbyMB,True,"['31', '3', '81', '95']","['81', '95']",3201
100_89,100,locpc,True,['15'],"['13', '15', '79']",4409
100_89,100,ldecc,True,['79'],"['13', '15', '79']",13315
100_89,100,pc,True,['15'],"['13', '15', '79']",17520
100_89,100,CMB,True,"['13', '79', '15']","['13', '15', '79']",4251
100_89,100,MBbyMB,True,"['13', '52', '79', '15', '81', '73']","['13', '15', '79']",5231
100_90,100,locpc,True,"['83', '21']","['21', '83']",3268
100_90,100,ldecc,True,"['95', '10']","['21', '83']",336
100_90,100,pc,True,"['21', '83']","['21', '83']",21479
100_90,100,CMB,True,['81'],"['21', '83']",8736
100_90,100,MBbyMB,True,"['23', '83', '58', '21']","['21', '83']",5436
100_91,100,locpc,True,[],"['27', '48']",1848
100_91,100,ldecc,True,['20'],"['27', '48']",488
100_91,100,pc,True,[],"['27', '48']",17285
100_91,100,CMB,True,['48'],"['27', '48']",4337
100_91,100,MBbyMB,True,['51'],"['27', '48']",3267
100_92,100,locpc,False,,"['8', '72']",3766
100_92,100,ldecc,True,['8'],"['8', '72']",539
100_92,100,pc,True,['8'],"['8', '72']",22132
100_92,100,CMB,False,,"['8', '72']",39055
100_92,100,MBbyMB,True,"['53', '54', '8', '72']","['8', '72']",3146
100_93,100,locpc,False,,['45'],1800
100_93,100,ldecc,True,"['61', '45']",['45'],7236
100_93,100,pc,False,,['45'],14818
100_93,100,CMB,True,"['45', '88']",['45'],4393
100_93,100,MBbyMB,True,"['31', '88']",['45'],4109
100_94,100,locpc,True,[],"['15', '39']",1715
100_94,100,ldecc,True,"['53', '16', '93', '31']","['15', '39']",621
100_94,100,pc,True,[],"['15', '39']",15853
100_94,100,CMB,False,,"['15', '39']",4799
100_94,100,MBbyMB,True,"['39', '15']","['15', '39']",2526
100_95,100,locpc,True,[],"['40', '81']",126
100_95,100,ldecc,True,['8'],"['40', '81']",375
100_95,100,pc,True,"['8', '40']","['40', '81']",17082
100_95,100,CMB,True,"['81', '40', '8']","['40', '81']",2375
100_95,100,MBbyMB,True,"['75', '40', '8']","['40', '81']",4578
100_96,100,locpc,True,[],"['5', '54']",2069
100_96,100,ldecc,True,"['9', '56']","['5', '54']",291
100_96,100,pc,True,[],"['5', '54']",18682
100_96,100,CMB,True,['54'],"['5', '54']",4125
100_96,100,MBbyMB,True,['68'],"['5', '54']",3471
100_97,100,locpc,True,[],"['72', '87']",214
100_97,100,ldecc,True,['57'],"['72', '87']",1540
100_97,100,pc,True,"['57', '47', '72', '70']","['72', '87']",19750
100_97,100,CMB,True,['47'],"['72', '87']",9748
100_97,100,MBbyMB,True,"['97', '72', '47']","['72', '87']",9060
100_98,100,locpc,False,,"['13', '78']",16218
100_98,100,ldecc,True,"['34', '13']","['13', '78']",1996
100_98,100,pc,True,[],"['13', '78']",34738
100_98,100,CMB,True,['78'],"['13', '78']",7771
100_98,100,MBbyMB,True,"['78', '13']","['13', '78']",3334
100_99,100,locpc,True,"['87', '83', '21']",['83'],1190
100_99,100,ldecc,False,,['83'],13791
100_99,100,pc,True,"['83', '87', '21']",['83'],19956
100_99,100,CMB,True,"['21', '83']",['83'],1466
100_99,100,MBbyMB,True,"['68', '91', '83', '23']",['83'],4976
150_0,150,locpc,True,[],['115'],197
150_0,150,ldecc,True,['56'],['115'],1489
150_0,150,pc,True,"['113', '12']",['115'],35816
150_0,150,CMB,True,['12'],['115'],8203
150_0,150,MBbyMB,True,"['54', '113']",['115'],3032
150_1,150,locpc,True,"['147', '77']","['19', '147']",1552
150_1,150,ldecc,True,"['19', '77', '147']","['19', '147']",14641
150_1,150,pc,True,"['77', '147']","['19', '147']",38332
150_1,150,CMB,True,['19'],"['19', '147']",5238
150_1,150,MBbyMB,True,"['84', '23', '19', '147']","['19', '147']",5860
150_2,150,locpc,True,"['131', '130']",['130'],6813
150_2,150,ldecc,True,"['79', '126']",['130'],405
150_2,150,pc,True,['130'],['130'],36151
150_2,150,CMB,True,"['130', '111']",['130'],5366
150_2,150,MBbyMB,True,"['56', '16', '67', '130', '31', '133', '52', '111', '97']",['130'],11602
150_3,150,locpc,True,"['39', '127', '74', '91']","['73', '127']",1732
150_3,150,ldecc,True,"['74', '39', '98', '76']","['73', '127']",5961
150_3,150,pc,True,"['74', '127', '91', '39']","['73', '127']",34978
150_3,150,CMB,True,['73'],"['73', '127']",1453
150_3,150,MBbyMB,True,"['0', '73', '30', '127']","['73', '127']",4625
150_4,150,locpc,True,"['72', '133', '89', '142']","['72', '133']",1992
150_4,150,ldecc,True,"['142', '72']","['72', '133']",5325
150_4,150,pc,True,"['142', '133', '72', '89']","['72', '133']",39050
150_4,150,CMB,True,['142'],"['72', '133']",19284
150_4,150,MBbyMB,True,"['3', '133', '7', '72']","['72', '133']",6128
150_5,150,locpc,True,[],"['11', '75']",3000
150_5,150,ldecc,True,"['69', '36']","['11', '75']",4376
150_5,150,pc,True,[],"['11', '75']",39313
150_5,150,CMB,True,"['75', '137']","['11', '75']",11776
150_5,150,MBbyMB,True,"['6', '51', '148', '75', '11']","['11', '75']",5820
150_6,150,locpc,True,"['20', '37', '134', '144']","['37', '144']",2056
150_6,150,ldecc,True,"['37', '144', '134', '20']","['37', '144']",4022
150_6,150,pc,True,"['134', '144', '37', '20']","['37', '144']",41302
150_6,150,CMB,True,['37'],"['37', '144']",1843
150_6,150,MBbyMB,True,"['97', '135', '144', '47', '37', '140', '20', '121']","['37', '144']",10497
150_7,150,locpc,True,[],['94'],1189
150_7,150,ldecc,True,"['122', '11']",['94'],14223
150_7,150,pc,True,[],['94'],38265
150_7,150,CMB,False,,['94'],5243
150_7,150,MBbyMB,True,[],['94'],1882
150_8,150,locpc,True,[],['73'],2461
150_8,150,ldecc,False,,['73'],28672
150_8,150,pc,True,[],['73'],39087
150_8,150,CMB,True,[],['73'],12078
150_8,150,MBbyMB,True,['80'],['73'],9117
150_9,150,locpc,False,,['100'],2667
150_9,150,ldecc,True,"['69', '63', '45']",['100'],2657
150_9,150,pc,True,"['45', '100', '113']",['100'],36104
150_9,150,CMB,False,,['100'],6596
150_9,150,MBbyMB,True,"['26', '100', '113']",['100'],2801
150_10,150,locpc,True,"['148', '93', '39', '53']","['39', '93', '148']",3128
150_10,150,ldecc,True,"['125', '21', '98']","['39', '93', '148']",778
150_10,150,pc,True,"['39', '93', '148', '53']","['39', '93', '148']",41943
150_10,150,CMB,True,"['148', '93']","['39', '93', '148']",10391
150_10,150,MBbyMB,True,"['148', '39']","['39', '93', '148']",7429
150_11,150,locpc,True,[],['0'],231
150_11,150,ldecc,True,['147'],['0'],1385
150_11,150,pc,True,[],['0'],33206
150_11,150,CMB,True,['147'],['0'],4579
150_11,150,MBbyMB,True,['147'],['0'],3021
150_12,150,locpc,False,,"['37', '90']",3693
150_12,150,ldecc,True,"['16', '81', '127']","['37', '90']",5382
150_12,150,pc,False,,"['37', '90']",44637
150_12,150,CMB,True,"['90', '139', '146']","['37', '90']",12632
150_12,150,MBbyMB,True,"['23', '90']","['37', '90']",7320
150_13,150,locpc,False,,"['9', '19', '20']",1035
150_13,150,ldecc,True,"['19', '86', '112']","['9', '19', '20']",27846
150_13,150,pc,False,,"['9', '19', '20']",36245
150_13,150,CMB,True,"['19', '20', '9']","['9', '19', '20']",1289
150_13,150,MBbyMB,True,"['19', '52', '106', '20', '9']","['9', '19', '20']",3852
150_14,150,locpc,True,"['124', '82', '101', '83']","['82', '83']",1411
150_14,150,ldecc,True,"['114', '101']","['82', '83']",2313
150_14,150,pc,True,"['101', '83', '82', '124']","['82', '83']",38791
150_14,150,CMB,True,"['30', '83', '82']","['82', '83']",3380
150_14,150,MBbyMB,True,"['31', '109', '83', '82']","['82', '83']",3093
150_15,150,locpc,True,"['4', '12']",['12'],2031
150_15,150,ldecc,True,['12'],['12'],652
150_15,150,pc,True,['12'],['12'],38400
150_15,150,CMB,False,,['12'],48630
150_15,150,MBbyMB,False,,['12'],94620
150_16,150,locpc,True,[],"['81', '88']",3934
150_16,150,ldecc,True,"['97', '70']","['81', '88']",6498
150_16,150,pc,True,[],"['81', '88']",38107
150_16,150,CMB,True,['65'],"['81', '88']",14925
150_16,150,MBbyMB,True,"['22', '112', '138', '81', '88']","['81', '88']",10816
150_17,150,locpc,True,"['69', '12', '65', '98']","['12', '65', '69']",1865
150_17,150,ldecc,True,"['69', '12']","['12', '65', '69']",553
150_17,150,pc,True,"['98', '69', '65', '12']","['12', '65', '69']",34414
150_17,150,CMB,True,"['69', '12', '65']","['12', '65', '69']",3248
150_17,150,MBbyMB,True,"['69', '12']","['12', '65', '69']",3691
150_18,150,locpc,True,[],"['107', '111']",1521
150_18,150,ldecc,True,"['132', '54', '140']","['107', '111']",1436
150_18,150,pc,True,[],"['107', '111']",37170
150_18,150,CMB,False,,"['107', '111']",4904
150_18,150,MBbyMB,True,"['73', '107', '111']","['107', '111']",2540
150_19,150,locpc,True,"['77', '46', '132']","['77', '132']",1038
150_19,150,ldecc,True,"['46', '77']","['77', '132']",3407
150_19,150,pc,True,"['132', '46', '77']","['77', '132']",34061
150_19,150,CMB,False,,"['77', '132']",64606
150_19,150,MBbyMB,True,"['79', '112', '16', '77', '132']","['77', '132']",3530
150_20,150,locpc,True,"['115', '124']",['115'],3766
150_20,150,ldecc,True,"['27', '14', '18']",['115'],7389
150_20,150,pc,True,['115'],['115'],34163
150_20,150,CMB,True,"['115', '9', '25']",['115'],10586
150_20,150,MBbyMB,True,"['89', '66', '41']",['115'],7840
150_21,150,locpc,True,"['51', '116']",['93'],2667
150_21,150,ldecc,True,"['132', '40', '134']",['93'],11580
150_21,150,pc,True,"['93', '116', '51']",['93'],42748
150_21,150,CMB,True,"['94', '93', '145']",['93'],864
150_21,150,MBbyMB,True,"['96', '93']",['93'],5299
150_22,150,locpc,True,[],['34'],1929
150_22,150,ldecc,False,,['34'],28326
150_22,150,pc,True,[],['34'],36010
150_22,150,CMB,True,['34'],['34'],5604
150_22,150,MBbyMB,True,"['52', '34']",['34'],3424
150_23,150,locpc,True,"['134', '148', '82', '103']","['70', '134']",2999
150_23,150,ldecc,True,"['126', '115']","['70', '134']",5933
150_23,150,pc,True,"['70', '103', '148', '134', '82']","['70', '134']",38698
150_23,150,CMB,True,"['70', '134', '103']","['70', '134']",20184
150_23,150,MBbyMB,True,"['114', '133', '70', '134']","['70', '134']",7711
150_24,150,locpc,True,[],"['10', '66']",10588
150_24,150,ldecc,True,['10'],"['10', '66']",946
150_24,150,pc,True,[],"['10', '66']",48240
150_24,150,CMB,True,"['10', '66', '62']","['10', '66']",4335
150_24,150,MBbyMB,True,[],"['10', '66']",53707
150_25,150,locpc,False,,"['40', '41']",3175
150_25,150,ldecc,True,"['48', '4', '118']","['40', '41']",466
150_25,150,pc,False,,"['40', '41']",39984
150_25,150,CMB,True,"['107', '40']","['40', '41']",55372
150_25,150,MBbyMB,True,"['109', '40', '41']","['40', '41']",4704
150_26,150,locpc,True,"['36', '52', '49', '10', '81', '142', '1']","['10', '36']",3889
150_26,150,ldecc,True,"['131', '109']","['10', '36']",6182
150_26,150,pc,True,"['10', '36', '81', '1', '52', '142', '49']","['10', '36']",38677
150_26,150,CMB,True,"['36', '49', '142']","['10', '36']",13944
150_26,150,MBbyMB,True,"['39', '117', '36']","['10', '36']",10331
150_27,150,locpc,True,"['125', '6', '121', '76', '49']","['76', '121']",2848
150_27,150,ldecc,True,"['125', '121']","['76', '121']",3054
150_27,150,pc,True,"['49', '76', '6', '125', '121']","['76', '121']",42798
150_27,150,CMB,True,"['121', '49']","['76', '121']",15721
150_27,150,MBbyMB,True,"['29', '70', '116', '31', '121', '76', '6']","['76', '121']",8588
150_28,150,locpc,True,"['54', '44', '20']","['54', '131']",2593
150_28,150,ldecc,True,"['149', '49', '96']","['54', '131']",3703
150_28,150,pc,True,"['20', '54', '44', '131']","['54', '131']",37353
150_28,150,CMB,True,"['44', '20']","['54', '131']",14688
150_28,150,MBbyMB,True,"['11', '50', '54']","['54', '131']",8430
150_29,150,locpc,False,,"['139', '142']",2430
150_29,150,ldecc,True,"['69', '52']","['139', '142']",809
150_29,150,pc,True,[],"['139', '142']",36877
150_29,150,CMB,False,,"['139', '142']",38641
150_29,150,MBbyMB,False,,"['139', '142']",87845
150_30,150,locpc,False,,['23'],1649
150_30,150,ldecc,True,"['114', '5']",['23'],3945
150_30,150,pc,False,,['23'],37963
150_30,150,CMB,False,,['23'],11410
150_30,150,MBbyMB,False,,['23'],92802
150_31,150,locpc,True,[],['18'],175
150_31,150,ldecc,True,['14'],['18'],5399
150_31,150,pc,True,[],['18'],33459
150_31,150,CMB,True,['69'],['18'],1510
150_31,150,MBbyMB,True,[],['18'],602
150_32,150,locpc,True,"['111', '137', '53']",['137'],2562
150_32,150,ldecc,True,"['132', '140', '63']",['137'],28170
150_32,150,pc,True,"['137', '53']",['137'],37812
150_32,150,CMB,True,"['137', '53', '111']",['137'],12460
150_32,150,MBbyMB,True,"['100', '144']",['137'],7353
150_33,150,locpc,True,"['0', '4', '102']","['0', '102']",1636
150_33,150,ldecc,True,"['84', '102', '28']","['0', '102']",2990
150_33,150,pc,True,"['4', '102', '0']","['0', '102']",33872
150_33,150,CMB,False,,"['0', '102']",31350
150_33,150,MBbyMB,True,"['0', '102', '140', '4']","['0', '102']",4759
150_34,150,locpc,True,"['76', '134']","['5', '80']",1577
150_34,150,ldecc,True,"['146', '10', '22']","['5', '80']",739
150_34,150,pc,True,['80'],"['5', '80']",39245
150_34,150,CMB,True,['134'],"['5', '80']",7584
150_34,150,MBbyMB,True,"['1', '22', '146', '116', '80', '5']","['5', '80']",6271
150_35,150,locpc,True,"['71', '44']",['44'],1195
150_35,150,ldecc,True,"['47', '118', '93']",['44'],2047
150_35,150,pc,True,"['71', '44']",['44'],33821
150_35,150,CMB,True,"['44', '71']",['44'],1093
150_35,150,MBbyMB,True,"['44', '71']",['44'],4296
150_36,150,locpc,True,"['66', '28', '115', '1']","['1', '66', '115']",1098
150_36,150,ldecc,True,"['1', '115', '66']","['1', '66', '115']",5378
150_36,150,pc,True,"['28', '1', '66', '115']","['1', '66', '115']",35767
150_36,150,CMB,True,"['90', '115', '1', '66']","['1', '66', '115']",1560
150_36,150,MBbyMB,True,"['115', '1', '28', '66']","['1', '66', '115']",24092
150_37,150,locpc,False,,['33'],11101
150_37,150,ldecc,True,"['33', '109']",['33'],1964
150_37,150,pc,False,,['33'],37769
150_37,150,CMB,False,,['33'],3915
150_37,150,MBbyMB,False,,['33'],104163
150_38,150,locpc,True,[],"['13', '29']",3740
150_38,150,ldecc,True,"['21', '92', '59']","['13', '29']",6273
150_38,150,pc,True,[],"['13', '29']",37276
150_38,150,CMB,True,['13'],"['13', '29']",6178
150_38,150,MBbyMB,True,"['33', '109', '13']","['13', '29']",4943
150_39,150,locpc,True,[],['18'],3042
150_39,150,ldecc,True,['18'],['18'],713
150_39,150,pc,True,[],['18'],38668
150_39,150,CMB,True,"['18', '29']",['18'],20289
150_39,150,MBbyMB,True,"['11', '18', '105', '29']",['18'],3386
150_40,150,locpc,True,"['66', '23', '5']","['5', '61']",1746
150_40,150,ldecc,True,"['79', '81']","['5', '61']",427
150_40,150,pc,True,"['23', '66', '5']","['5', '61']",41548
150_40,150,CMB,True,"['5', '119', '23', '66']","['5', '61']",3536
150_40,150,MBbyMB,True,"['5', '66']","['5', '61']",6497
150_41,150,locpc,True,['2'],['57'],1377
150_41,150,ldecc,True,"['105', '57']",['57'],3213
150_41,150,pc,True,['2'],['57'],40760
150_41,150,CMB,False,,['57'],8637
150_41,150,MBbyMB,True,"['57', '2']",['57'],4265
150_42,150,locpc,True,[],"['30', '124']",3448
150_42,150,ldecc,True,"['67', '68', '86']","['30', '124']",10222
150_42,150,pc,True,[],"['30', '124']",35044
150_42,150,CMB,False,,"['30', '124']",91341
150_42,150,MBbyMB,True,"['26', '124', '30']","['30', '124']",3112
150_43,150,locpc,True,[],"['90', '102']",5989
150_43,150,ldecc,True,['90'],"['90', '102']",680
150_43,150,pc,True,[],"['90', '102']",44924
150_43,150,CMB,True,"['90', '102']","['90', '102']",15829
150_43,150,MBbyMB,True,"['2', '8', '148', '90', '107', '102']","['90', '102']",6718
150_44,150,locpc,False,,['148'],2629
150_44,150,ldecc,True,['115'],['148'],1143
150_44,150,pc,True,[],['148'],41245
150_44,150,CMB,True,[],['148'],5134
150_44,150,MBbyMB,True,"['95', '148', '32']",['148'],3174
150_45,150,locpc,False,,['145'],2589
150_45,150,ldecc,True,"['19', '51', '13', '140']",['145'],517
150_45,150,pc,False,,['145'],39000
150_45,150,CMB,False,,['145'],6181
150_45,150,MBbyMB,True,"['145', '81']",['145'],3871
150_46,150,locpc,True,"['129', '47']",['56'],1467
150_46,150,ldecc,True,"['85', '109']",['56'],412
150_46,150,pc,True,"['129', '56', '47']",['56'],33809
150_46,150,CMB,True,"['56', '129']",['56'],5428
150_46,150,MBbyMB,True,"['58', '88', '100', '32', '47', '113']",['56'],5719
150_47,150,locpc,True,"['13', '83']",['79'],2224
150_47,150,ldecc,True,"['38', '108', '29']",['79'],9530
150_47,150,pc,True,"['13', '83']",['79'],36489
150_47,150,CMB,True,['7'],['79'],5868
150_47,150,MBbyMB,True,[],['79'],6400
150_48,150,locpc,False,,['122'],10812
150_48,150,ldecc,True,"['34', '44']",['122'],15225
150_48,150,pc,True,[],['122'],45123
150_48,150,CMB,True,"['140', '32']",['122'],8743
150_48,150,MBbyMB,True,"['43', '122']",['122'],10100
150_49,150,locpc,False,,"['85', '95']",2005
150_49,150,ldecc,True,"['88', '85', '15']","['85', '95']",3305
150_49,150,pc,True,"['95', '134', '85']","['85', '95']",40960
150_49,150,CMB,True,['95'],"['85', '95']",3233
150_49,150,MBbyMB,True,"['85', '95', '43', '132', '13', '134', '139', '38']","['85', '95']",5557
150_50,150,locpc,True,"['24', '138', '94']",['138'],1026
150_50,150,ldecc,True,"['74', '108', '28']",['138'],3591
150_50,150,pc,True,"['138', '24', '94']",['138'],35533
150_50,150,CMB,True,['138'],['138'],4449
150_50,150,MBbyMB,True,"['39', '138', '80']",['138'],2747
150_51,150,locpc,True,['121'],"['121', '148']",2633
150_51,150,ldecc,True,"['51', '21', '29']","['121', '148']",2147
150_51,150,pc,True,['121'],"['121', '148']",35261
150_51,150,CMB,True,"['119', '121']","['121', '148']",9015
150_51,150,MBbyMB,True,"['76', '121']","['121', '148']",21475
150_52,150,locpc,False,,['129'],2888
150_52,150,ldecc,True,"['148', '33', '108']",['129'],10077
150_52,150,pc,False,,['129'],37959
150_52,150,CMB,True,"['109', '129']",['129'],3071
150_52,150,MBbyMB,True,['70'],['129'],6087
150_53,150,locpc,True,[],['40'],6590
150_53,150,ldecc,True,"['40', '52']",['40'],2082
150_53,150,pc,True,['40'],['40'],39087
150_53,150,CMB,True,"['7', '18']",['40'],17305
150_53,150,MBbyMB,True,"['57', '69']",['40'],12434
150_54,150,locpc,True,"['128', '146', '104']","['128', '146']",1787
150_54,150,ldecc,True,"['69', '25', '43', '89']","['128', '146']",4291
150_54,150,pc,True,"['104', '146', '128']","['128', '146']",37690
150_54,150,CMB,True,"['128', '104']","['128', '146']",12830
150_54,150,MBbyMB,True,"['2', '128']","['128', '146']",5337
150_55,150,locpc,True,"['22', '110', '29']","['22', '110']",1577
150_55,150,ldecc,True,"['68', '103']","['22', '110']",2755
150_55,150,pc,True,"['29', '22', '110']","['22', '110']",41448
150_55,150,CMB,True,['29'],"['22', '110']",3653
150_55,150,MBbyMB,True,"['142', '94', '110', '22']","['22', '110']",3848
150_56,150,locpc,False,,['28'],2461
150_56,150,ldecc,True,"['48', '148']",['28'],1902
150_56,150,pc,False,,['28'],40613
150_56,150,CMB,True,"['24', '28', '70']",['28'],4471
150_56,150,MBbyMB,True,"['40', '28']",['28'],3380
150_57,150,locpc,True,"['20', '39', '89']",['97'],1488
150_57,150,ldecc,True,['97'],['97'],1251
150_57,150,pc,True,"['97', '39', '20', '89']",['97'],37508
150_57,150,CMB,True,['20'],['97'],14083
150_57,150,MBbyMB,True,"['1', '97', '20', '73']",['97'],6294
150_58,150,locpc,True,[],['87'],230
150_58,150,ldecc,True,"['111', '52']",['87'],4628
150_58,150,pc,True,['10'],['87'],40005
150_58,150,CMB,True,['10'],['87'],2783
150_58,150,MBbyMB,True,['10'],['87'],4069
150_59,150,locpc,True,[],['80'],2302
150_59,150,ldecc,True,"['80', '31']",['80'],8727
150_59,150,pc,True,[],['80'],35853
150_59,150,CMB,True,['31'],['80'],6491
150_59,150,MBbyMB,True,"['11', '80']",['80'],3445
150_60,150,locpc,True,"['80', '20', '56']","['20', '80']",977
150_60,150,ldecc,True,"['106', '35']","['20', '80']",6716
150_60,150,pc,True,"['80', '20', '56']","['20', '80']",33489
150_60,150,CMB,True,"['80', '56']","['20', '80']",10395
150_60,150,MBbyMB,False,,"['20', '80']",78502
150_61,150,locpc,True,"['57', '14']",['57'],1017
150_61,150,ldecc,True,"['57', '20']",['57'],8871
150_61,150,pc,True,"['57', '14']",['57'],36831
150_61,150,CMB,True,['14'],['57'],5381
150_61,150,MBbyMB,True,"['21', '57']",['57'],4441
150_62,150,locpc,True,[],['11'],5134
150_62,150,ldecc,True,"['8', '64', '61']",['11'],745
150_62,150,pc,True,[],['11'],37326
150_62,150,CMB,True,['11'],['11'],4609
150_62,150,MBbyMB,True,"['107', '95']",['11'],7422
150_63,150,locpc,True,[],"['14', '60']",2762
150_63,150,ldecc,True,['39'],"['14', '60']",13342
150_63,150,pc,True,[],"['14', '60']",37695
150_63,150,CMB,False,,"['14', '60']",52532
150_63,150,MBbyMB,True,"['14', '60']","['14', '60']",8618
150_64,150,locpc,True,"['111', '12']","['4', '97']",2586
150_64,150,ldecc,True,"['101', '25']","['4', '97']",396
150_64,150,pc,True,"['12', '111', '97']","['4', '97']",36536
150_64,150,CMB,True,['97'],"['4', '97']",3072
150_64,150,MBbyMB,True,"['97', '108', '83', '104']","['4', '97']",7317
150_65,150,locpc,True,[],"['16', '74']",1819
150_65,150,ldecc,True,"['146', '57', '93']","['16', '74']",734
150_65,150,pc,True,[],"['16', '74']",38564
150_65,150,CMB,False,,"['16', '74']",97607
150_65,150,MBbyMB,True,[],"['16', '74']",4287
150_66,150,locpc,True,"['83', '16', '74']",['83'],1764
150_66,150,ldecc,True,[],['83'],367
150_66,150,pc,True,"['83', '16']",['83'],35719
150_66,150,CMB,True,"['83', '16']",['83'],14413
150_66,150,MBbyMB,True,"['83', '34', '82', '16']",['83'],5664
150_67,150,locpc,True,"['0', '111', '122']","['0', '111']",1174
150_67,150,ldecc,True,"['122', '118']","['0', '111']",3117
150_67,150,pc,True,"['122', '111']","['0', '111']",39646
150_67,150,CMB,False,,"['0', '111']",11730
150_67,150,MBbyMB,False,,"['0', '111']",100781
150_68,150,locpc,True,[],"['4', '49']",241
150_68,150,ldecc,True,"['49', '4', '11']","['4', '49']",9369
150_68,150,pc,True,"['4', '11', '140']","['4', '49']",38658
150_68,150,CMB,False,,"['4', '49']",27859
150_68,150,MBbyMB,True,"['17', '49', '4']","['4', '49']",3025
150_69,150,locpc,True,[],"['11', '85']",1971
150_69,150,ldecc,True,"['53', '52']","['11', '85']",1743
150_69,150,pc,True,[],"['11', '85']",33498
150_69,150,CMB,False,,"['11', '85']",41149
150_69,150,MBbyMB,True,"['145', '82', '85', '11']","['11', '85']",3188
150_70,150,locpc,True,[],['3'],3468
150_70,150,ldecc,True,"['129', '36']",['3'],4372
150_70,150,pc,True,[],['3'],36605
150_70,150,CMB,True,['76'],['3'],5083
150_70,150,MBbyMB,True,"['20', '3', '76']",['3'],3934
150_71,150,locpc,False,,"['35', '96']",2412
150_71,150,ldecc,True,"['106', '96']","['35', '96']",1155
150_71,150,pc,False,,"['35', '96']",41787
150_71,150,CMB,False,,"['35', '96']",74315
150_71,150,MBbyMB,False,,"['35', '96']",110124
150_72,150,locpc,True,"['4', '92', '5', '58', '74']",['92'],2386
150_72,150,ldecc,True,"['58', '74', '4']",['92'],2160
150_72,150,pc,True,"['74', '92', '4', '5', '58']",['92'],35497
150_72,150,CMB,True,['74'],['92'],12015
150_72,150,MBbyMB,True,"['20', '74']",['92'],4930
150_73,150,locpc,True,[],"['40', '51']",5170
150_73,150,ldecc,True,"['100', '107', '31']","['40', '51']",4157
150_73,150,pc,True,[],"['40', '51']",40084
150_73,150,CMB,True,"['110', '51']","['40', '51']",4457
150_73,150,MBbyMB,True,"['114', '64', '51', '95', '40']","['40', '51']",6619
150_74,150,locpc,True,[],['78'],3847
150_74,150,ldecc,True,"['87', '37']",['78'],29951
150_74,150,pc,True,[],['78'],40472
150_74,150,CMB,True,"['78', '105']",['78'],13404
150_74,150,MBbyMB,True,"['24', '78']",['78'],3443
150_75,150,locpc,True,"['130', '33', '114', '141']",['110'],1967
150_75,150,ldecc,True,"['23', '10', '147']",['110'],10393
150_75,150,pc,True,"['33', '114', '110', '141', '130']",['110'],38011
150_75,150,CMB,True,"['110', '141']",['110'],10192
150_75,150,MBbyMB,True,"['9', '141']",['110'],7671
150_76,150,locpc,False,,"['11', '30']",1423
150_76,150,ldecc,True,"['146', '11']","['11', '30']",2239
150_76,150,pc,True,"['30', '11']","['11', '30']",34989
150_76,150,CMB,True,['30'],"['11', '30']",4092
150_76,150,MBbyMB,True,"['11', '30', '54', '116', '146', '45']","['11', '30']",8512
150_77,150,locpc,False,,"['15', '107']",1579
150_77,150,ldecc,True,['107'],"['15', '107']",2471
150_77,150,pc,False,,"['15', '107']",34159
150_77,150,CMB,False,,"['15', '107']",7384
150_77,150,MBbyMB,True,"['51', '78', '107', '15']","['15', '107']",2815
150_78,150,locpc,True,"['69', '86', '113']","['69', '136']",1713
150_78,150,ldecc,True,['3'],"['69', '136']",5578
150_78,150,pc,True,"['3', '113', '69', '86']","['69', '136']",33242
150_78,150,CMB,True,"['136', '86']","['69', '136']",11854
150_78,150,MBbyMB,True,"['24', '93', '106', '86']","['69', '136']",4661
150_79,150,locpc,True,"['73', '20']","['20', '73', '110']",1263
150_79,150,ldecc,True,"['73', '20']","['20', '73', '110']",398
150_79,150,pc,True,"['20', '73']","['20', '73', '110']",40259
150_79,150,CMB,True,"['20', '73']","['20', '73', '110']",201
150_79,150,MBbyMB,True,"['20', '73', '3']","['20', '73', '110']",3920
150_80,150,locpc,True,"['32', '138']","['32', '138']",2744
150_80,150,ldecc,True,"['74', '34', '118']","['32', '138']",27182
150_80,150,pc,True,"['138', '32']","['32', '138']",41136
150_80,150,CMB,False,,"['32', '138']",5198
150_80,150,MBbyMB,True,"['52', '32', '138']","['32', '138']",4714
150_81,150,locpc,True,"['3', '15']","['3', '15']",6713
150_81,150,ldecc,True,"['143', '82', '47']","['3', '15']",2642
150_81,150,pc,True,"['3', '15']","['3', '15']",41868
150_81,150,CMB,True,"['3', '81']","['3', '15']",8194
150_81,150,MBbyMB,True,"['9', '96', '102', '68', '87', '3', '15', '149', '109']","['3', '15']",11898
150_82,150,locpc,True,"['59', '115', '138']","['115', '138']",1528
150_82,150,ldecc,True,"['125', '82']","['115', '138']",6995
150_82,150,pc,True,"['115', '59']","['115', '138']",38207
150_82,150,CMB,True,['59'],"['115', '138']",4540
150_82,150,MBbyMB,True,['59'],"['115', '138']",20139
150_83,150,locpc,True,"['15', '141']","['15', '141']",2863
150_83,150,ldecc,True,['141'],"['15', '141']",3790
150_83,150,pc,True,['15'],"['15', '141']",38182
150_83,150,CMB,True,"['15', '141']","['15', '141']",5875
150_83,150,MBbyMB,True,"['80', '15', '144', '141', '114']","['15', '141']",3643
150_84,150,locpc,True,"['55', '135', '68', '10']",['68'],2409
150_84,150,ldecc,True,"['41', '135']",['68'],3180
150_84,150,pc,True,"['135', '10', '68', '55']",['68'],41579
150_84,150,CMB,True,['57'],['68'],10563
150_84,150,MBbyMB,True,"['68', '57']",['68'],3443
150_85,150,locpc,True,[],['118'],184
150_85,150,ldecc,True,['28'],['118'],28746
150_85,150,pc,True,"['71', '117']",['118'],38777
150_85,150,CMB,True,"['62', '71', '117']",['118'],2961
150_85,150,MBbyMB,True,['62'],['118'],4712
150_86,150,locpc,False,,"['120', '135']",3273
150_86,150,ldecc,True,"['70', '135']","['120', '135']",407
150_86,150,pc,False,,"['120', '135']",36380
150_86,150,CMB,True,"['135', '120', '46', '127']","['120', '135']",1749
150_86,150,MBbyMB,True,"['98', '135', '113', '120', '46']","['120', '135']",5210
150_87,150,locpc,True,"['31', '21']",['61'],1656
150_87,150,ldecc,True,['61'],['61'],1355
150_87,150,pc,True,"['21', '31', '61']",['61'],35660
150_87,150,CMB,True,['61'],['61'],1660
150_87,150,MBbyMB,True,"['3', '116']",['61'],5873
150_88,150,locpc,True,"['2', '58']","['2', '115']",2719
150_88,150,ldecc,True,"['116', '96']","['2', '115']",1803
150_88,150,pc,True,"['58', '2']","['2', '115']",37668
150_88,150,CMB,True,"['2', '58']","['2', '115']",6724
150_88,150,MBbyMB,True,"['21', '45', '142', '2', '115', '79', '58']","['2', '115']",5543
150_89,150,locpc,True,"['65', '58', '102', '87']",['87'],1325
150_89,150,ldecc,True,['102'],['87'],27381
150_89,150,pc,True,"['58', '65', '87', '102']",['87'],35495
150_89,150,CMB,True,['102'],['87'],12457
150_89,150,MBbyMB,True,"['52', '87']",['87'],6887
150_90,150,locpc,True,"['141', '33', '13']","['13', '33']",2141
150_90,150,ldecc,True,"['141', '13']","['13', '33']",6130
150_90,150,pc,True,"['141', '13']","['13', '33']",43765
150_90,150,CMB,True,"['33', '13', '34']","['13', '33']",4808
150_90,150,MBbyMB,True,"['24', '73', '13']","['13', '33']",4914
150_91,150,locpc,True,[],['133'],1129
150_91,150,ldecc,True,['110'],['133'],9500
150_91,150,pc,True,['6'],['133'],35529
150_91,150,CMB,False,,['133'],7427
150_91,150,MBbyMB,True,"['1', '7']",['133'],2880
150_92,150,locpc,True,[],['101'],272
150_92,150,ldecc,True,['101'],['101'],964
150_92,150,pc,True,"['78', '9', '63', '37']",['101'],35535
150_92,150,CMB,True,['37'],['101'],1419
150_92,150,MBbyMB,True,"['35', '7', '75', '37', '78']",['101'],3793
150_93,150,locpc,True,['63'],"['63', '121']",9082
150_93,150,ldecc,True,"['21', '140']","['63', '121']",7324
150_93,150,pc,True,['63'],"['63', '121']",47362
150_93,150,CMB,True,"['121', '34']","['63', '121']",13602
150_93,150,MBbyMB,True,"['11', '73', '63']","['63', '121']",6386
150_94,150,locpc,True,[],"['20', '88']",3207
150_94,150,ldecc,True,"['1', '88']","['20', '88']",1460
150_94,150,pc,True,[],"['20', '88']",41888
150_94,150,CMB,True,['132'],"['20', '88']",5597
150_94,150,MBbyMB,True,"['4', '9', '88', '20']","['20', '88']",3086
150_95,150,locpc,True,[],"['80', '94']",168
150_95,150,ldecc,True,"['94', '18']","['80', '94']",5203
150_95,150,pc,True,[],"['80', '94']",39885
150_95,150,CMB,True,"['98', '94']","['80', '94']",175
150_95,150,MBbyMB,True,[],"['80', '94']",4009
150_96,150,locpc,False,,"['39', '49']",4012
150_96,150,ldecc,True,"['87', '93']","['39', '49']",4036
150_96,150,pc,False,,"['39', '49']",38008
150_96,150,CMB,False,,"['39', '49']",78218
150_96,150,MBbyMB,True,"['39', '49']","['39', '49']",6405
150_97,150,locpc,True,"['22', '30', '91', '117', '38']",['91'],1570
150_97,150,ldecc,True,['91'],['91'],1675
150_97,150,pc,True,"['22', '91', '30', '38', '117']",['91'],39212
150_97,150,CMB,True,"['91', '38']",['91'],5015
150_97,150,MBbyMB,True,[],['91'],3188
150_98,150,locpc,True,"['60', '105']",['105'],2050
150_98,150,ldecc,True,"['61', '37']",['105'],433
150_98,150,pc,True,"['60', '105']",['105'],41844
150_98,150,CMB,True,['97'],['105'],7509
150_98,150,MBbyMB,True,"['37', '4', '106', '64']",['105'],10730
150_99,150,locpc,True,[],"['10', '12', '25']",6888
150_99,150,ldecc,True,"['100', '25']","['10', '12', '25']",2495
150_99,150,pc,True,['12'],"['10', '12', '25']",43511
150_99,150,CMB,True,['62'],"['10', '12', '25']",5504
150_99,150,MBbyMB,True,"['120', '108', '12', '137', '62']","['10', '12', '25']",8035
200_0,200,locpc,False,,['61'],22409
200_0,200,ldecc,True,"['48', '167']",['61'],503
200_0,200,pc,True,[],['61'],74097
200_0,200,CMB,True,"['61', '151']",['61'],4299
200_0,200,MBbyMB,True,"['0', '8', '61', '21']",['61'],7322
200_1,200,locpc,True,"['141', '130', '124']",['124'],3196
200_1,200,ldecc,True,['167'],['124'],4651
200_1,200,pc,True,"['14', '124', '130', '141']",['124'],74589
200_1,200,CMB,True,"['124', '141']",['124'],24857
200_1,200,MBbyMB,True,"['0', '84', '22', '124', '14', '130']",['124'],10311
200_2,200,locpc,True,"['33', '158']","['33', '158']",1973
200_2,200,ldecc,True,"['158', '33']","['33', '158']",581
200_2,200,pc,True,"['158', '33']","['33', '158']",62260
200_2,200,CMB,True,['33'],"['33', '158']",1963
200_2,200,MBbyMB,True,"['33', '158']","['33', '158']",9473
200_3,200,locpc,True,"['24', '63', '23']","['23', '24']",3036
200_3,200,ldecc,True,"['153', '38', '46']","['23', '24']",2304
200_3,200,pc,True,"['63', '23', '24']","['23', '24']",69268
200_3,200,CMB,True,"['23', '24']","['23', '24']",16455
200_3,200,MBbyMB,True,"['26', '148', '185', '95', '105', '46', '23', '194', '68', '24', '63', '193']","['23', '24']",15529
200_4,200,locpc,False,,"['5', '8']",3674
200_4,200,ldecc,True,['8'],"['5', '8']",1941
200_4,200,pc,False,,"['5', '8']",71141
200_4,200,CMB,False,,"['5', '8']",34484
200_4,200,MBbyMB,True,"['11', '194', '8', '5', '164']","['5', '8']",6309
200_5,200,locpc,True,[],"['34', '79']",2737
200_5,200,ldecc,True,"['6', '89', '30']","['34', '79']",19377
200_5,200,pc,True,[],"['34', '79']",68828
200_5,200,CMB,True,"['149', '34', '58']","['34', '79']",5309
200_5,200,MBbyMB,True,['37'],"['34', '79']",3386
200_6,200,locpc,False,,['88'],10277
200_6,200,ldecc,True,"['171', '30', '59']",['88'],2397
200_6,200,pc,True,[],['88'],73835
200_6,200,CMB,True,['88'],['88'],26467
200_6,200,MBbyMB,True,"['135', '11', '14']",['88'],12326
200_7,200,locpc,False,,['134'],2609
200_7,200,ldecc,True,"['179', '134']",['134'],13604
200_7,200,pc,False,,['134'],68174
200_7,200,CMB,True,"['134', '28']",['134'],35934
200_7,200,MBbyMB,True,"['167', '134', '28']",['134'],4749
200_8,200,locpc,True,[],"['37', '132']",1807
200_8,200,ldecc,True,"['132', '37']","['37', '132']",1842
200_8,200,pc,True,[],"['37', '132']",72995
200_8,200,CMB,False,,"['37', '132']",166685
200_8,200,MBbyMB,True,"['10', '37', '132']","['37', '132']",4670
200_9,200,locpc,True,"['38', '128', '119', '43']",['38'],2499
200_9,200,ldecc,True,['43'],['38'],4073
200_9,200,pc,True,"['119', '128', '43']",['38'],64891
200_9,200,CMB,True,['173'],['38'],8661
200_9,200,MBbyMB,True,"['139', '38', '17', '164']",['38'],5844
200_10,200,locpc,True,[],['143'],1675
200_10,200,ldecc,True,"['143', '145']",['143'],20517
200_10,200,pc,True,[],['143'],63879
200_10,200,CMB,True,[],['143'],4531
200_10,200,MBbyMB,True,[],['143'],5761
200_11,200,locpc,True,"['189', '58', '67']",['67'],3666
200_11,200,ldecc,True,"['31', '133', '15']",['67'],8578
200_11,200,pc,True,"['20', '58', '189', '67']",['67'],66506
200_11,200,CMB,True,"['58', '189']",['67'],18673
200_11,200,MBbyMB,True,"['14', '63', '179', '67', '20']",['67'],13573
200_12,200,locpc,True,['161'],"['61', '161']",1681
200_12,200,ldecc,False,,"['61', '161']",48083
200_12,200,pc,True,['161'],"['61', '161']",60832
200_12,200,CMB,True,['161'],"['61', '161']",5674
200_12,200,MBbyMB,True,['161'],"['61', '161']",3903
200_13,200,locpc,True,[],"['153', '176']",4068
200_13,200,ldecc,True,"['153', '94']","['153', '176']",6555
200_13,200,pc,True,[],"['153', '176']",63614
200_13,200,CMB,True,"['153', '78', '151']","['153', '176']",9930
200_13,200,MBbyMB,True,"['71', '80', '153', '78']","['153', '176']",9371
200_14,200,locpc,True,['16'],"['16', '72']",3155
200_14,200,ldecc,True,"['50', '61']","['16', '72']",492
200_14,200,pc,True,['16'],"['16', '72']",68713
200_14,200,CMB,True,"['16', '72']","['16', '72']",4631
200_14,200,MBbyMB,True,"['26', '16', '72']","['16', '72']",4002
200_15,200,locpc,True,[],['88'],6834
200_15,200,ldecc,True,['134'],['88'],1583
200_15,200,pc,True,[],['88'],73696
200_15,200,CMB,True,"['88', '161']",['88'],15952
200_15,200,MBbyMB,True,"['102', '19', '88', '1']",['88'],7467
200_16,200,locpc,True,"['34', '184', '175']","['34', '115', '175']",1830
200_16,200,ldecc,True,"['175', '118', '129']","['34', '115', '175']",7719
200_16,200,pc,True,"['175', '34', '184']","['34', '115', '175']",63188
200_16,200,CMB,True,"['184', '34', '19']","['34', '115', '175']",3516
200_16,200,MBbyMB,True,"['184', '34']","['34', '115', '175']",5107
200_17,200,locpc,True,"['188', '139']",['188'],1481
200_17,200,ldecc,True,['188'],['188'],899
200_17,200,pc,True,"['188', '139']",['188'],65984
200_17,200,CMB,True,"['188', '90']",['188'],65020
200_17,200,MBbyMB,True,"['85', '147', '21']",['188'],9513
200_18,200,locpc,True,"['13', '54', '162']",['13'],1228
200_18,200,ldecc,True,"['69', '9', '54', '142']",['13'],9113
200_18,200,pc,True,"['54', '13', '162']",['13'],61397
200_18,200,CMB,False,,['13'],151337
200_18,200,MBbyMB,True,"['69', '13']",['13'],2917
200_19,200,locpc,True,"['155', '149', '93']",['9'],3683
200_19,200,ldecc,True,"['27', '93']",['9'],499
200_19,200,pc,True,"['155', '93', '149']",['9'],62934
200_19,200,CMB,True,"['185', '9', '149']",['9'],1883
200_19,200,MBbyMB,False,,['9'],152520
200_20,200,locpc,True,"['162', '82']","['82', '162']",3126
200_20,200,ldecc,True,"['48', '93']","['82', '162']",2175
200_20,200,pc,True,"['162', '82']","['82', '162']",76938
200_20,200,CMB,True,"['162', '82']","['82', '162']",21623
200_20,200,MBbyMB,True,"['153', '162', '82']","['82', '162']",3417
200_21,200,locpc,True,['32'],['32'],4090
200_21,200,ldecc,True,"['126', '77']",['32'],533
200_21,200,pc,True,['32'],['32'],70919
200_21,200,CMB,True,['32'],['32'],4860
200_21,200,MBbyMB,True,"['3', '32', '181']",['32'],3639
200_22,200,locpc,True,"['34', '14']","['14', '34']",4005
200_22,200,ldecc,True,"['43', '190', '28']","['14', '34']",20589
200_22,200,pc,True,"['34', '14']","['14', '34']",63751
200_22,200,CMB,True,['14'],"['14', '34']",11464
200_22,200,MBbyMB,True,"['36', '34']","['14', '34']",5797
200_23,200,locpc,True,"['26', '91', '127']","['91', '127']",2746
200_23,200,ldecc,True,"['171', '65']","['91', '127']",10633
200_23,200,pc,True,"['91', '26']","['91', '127']",70698
200_23,200,CMB,True,"['127', '91']","['91', '127']",8224
200_23,200,MBbyMB,True,"['127', '91']","['91', '127']",9994
200_24,200,locpc,True,"['126', '29', '120']",['126'],1174
200_24,200,ldecc,True,"['120', '119', '83']",['126'],11151
200_24,200,pc,True,"['29', '126', '120']",['126'],62847
200_24,200,CMB,False,,['126'],7499
200_24,200,MBbyMB,True,"['106', '126']",['126'],2670
200_25,200,locpc,True,[],['106'],3269
200_25,200,ldecc,True,"['141', '164', '42']",['106'],2029
200_25,200,pc,True,[],['106'],68850
200_25,200,CMB,True,['141'],['106'],7212
200_25,200,MBbyMB,True,"['106', '34', '124']",['106'],3866
200_26,200,locpc,True,"['80', '158', '109', '19']","['19', '80']",1806
200_26,200,ldecc,True,"['68', '110']","['19', '80']",503
200_26,200,pc,True,"['80', '109', '19', '158']","['19', '80']",69375
200_26,200,CMB,True,"['80', '109']","['19', '80']",12029
200_26,200,MBbyMB,True,[],"['19', '80']",5118
200_27,200,locpc,True,"['58', '151']",['58'],2166
200_27,200,ldecc,True,"['58', '151']",['58'],5464
200_27,200,pc,True,"['151', '58']",['58'],77772
200_27,200,CMB,True,"['58', '101']",['58'],25552
200_27,200,MBbyMB,True,"['58', '139', '160', '101']",['58'],4808
200_28,200,locpc,True,"['64', '55']","['55', '64']",4971
200_28,200,ldecc,True,"['176', '160', '64']","['55', '64']",3246
200_28,200,pc,True,"['64', '55']","['55', '64']",65699
200_28,200,CMB,True,"['176', '55']","['55', '64']",8554
200_28,200,MBbyMB,True,"['73', '120', '64']","['55', '64']",7258
200_29,200,locpc,True,"['158', '25', '198']","['25', '158']",2780
200_29,200,ldecc,True,"['122', '111', '76']","['25', '158']",618
200_29,200,pc,True,"['198', '158', '25']","['25', '158']",68205
200_29,200,CMB,True,"['158', '198']","['25', '158']",9497
200_29,200,MBbyMB,True,"['76', '127', '140', '158', '25', '133']","['25', '158']",7284
200_30,200,locpc,True,[],['4'],287
200_30,200,ldecc,True,"['196', '73']",['4'],1748
200_30,200,pc,True,"['156', '5']",['4'],62949
200_30,200,CMB,True,"['4', '156']",['4'],7039
200_30,200,MBbyMB,True,"['157', '156']",['4'],13177
200_31,200,locpc,True,"['152', '78']",['148'],1991
200_31,200,ldecc,True,"['27', '66']",['148'],509
200_31,200,pc,True,"['148', '152', '78']",['148'],61174
200_31,200,CMB,True,"['148', '152']",['148'],7180
200_31,200,MBbyMB,True,"['70', '4']",['148'],6302
200_32,200,locpc,True,"['56', '130']",['130'],4834
200_32,200,ldecc,True,"['130', '185']",['130'],510
200_32,200,pc,True,"['130', '56']",['130'],76898
200_32,200,CMB,True,"['130', '56']",['130'],32949
200_32,200,MBbyMB,True,"['4', '130', '3', '56']",['130'],3674
200_33,200,locpc,True,[],"['159', '177']",253
200_33,200,ldecc,True,"['112', '185']","['159', '177']",24557
200_33,200,pc,True,[],"['159', '177']",75598
200_33,200,CMB,True,[],"['159', '177']",8798
200_33,200,MBbyMB,True,[],"['159', '177']",3305
200_34,200,locpc,True,[],['115'],3216
200_34,200,ldecc,True,"['6', '188']",['115'],525
200_34,200,pc,True,"['115', '153']",['115'],63205
200_34,200,CMB,True,['115'],['115'],5129
200_34,200,MBbyMB,True,"['59', '127', '30', '146', '153', '176']",['115'],12965
200_35,200,locpc,True,"['68', '111', '1']",['1'],1703
200_35,200,ldecc,True,"['148', '140', '75']",['1'],575
200_35,200,pc,True,"['1', '111', '68']",['1'],74165
200_35,200,CMB,True,['1'],['1'],3876
200_35,200,MBbyMB,True,"['24', '1', '125', '68']",['1'],4879
200_36,200,locpc,True,"['186', '146', '75', '32']","['12', '146']",2403
200_36,200,ldecc,True,"['3', '28']","['12', '146']",7347
200_36,200,pc,True,"['186', '146', '75', '12', '32']","['12', '146']",71327
200_36,200,CMB,True,"['12', '186']","['12', '146']",8167
200_36,200,MBbyMB,True,"['98', '184', '12', '146']","['12', '146']",4553
200_37,200,locpc,True,[],"['88', '168']",5192
200_37,200,ldecc,True,"['88', '4']","['88', '168']",4706
200_37,200,pc,True,[],"['88', '168']",64402
200_37,200,CMB,True,"['88', '90']","['88', '168']",16160
200_37,200,MBbyMB,True,"['70', '88', '60']","['88', '168']",9544
200_38,200,locpc,False,,"['52', '74']",1870
200_38,200,ldecc,True,['153'],"['52', '74']",2039
200_38,200,pc,False,,"['52', '74']",64984
200_38,200,CMB,False,,"['52', '74']",5264
200_38,200,MBbyMB,True,"['162', '52', '74']","['52', '74']",3019
200_39,200,locpc,True,"['74', '161', '142']","['74', '161']",1384
200_39,200,ldecc,True,"['181', '79', '128']","['74', '161']",2258
200_39,200,pc,True,"['74', '161', '142']","['74', '161']",62957
200_39,200,CMB,True,"['142', '161', '74']","['74', '161']",2769
200_39,200,MBbyMB,True,"['142', '161']","['74', '161']",7207
200_40,200,locpc,True,['52'],"['52', '144']",2609
200_40,200,ldecc,True,"['144', '52']","['52', '144']",2776
200_40,200,pc,True,['52'],"['52', '144']",67866
200_40,200,CMB,True,['52'],"['52', '144']",8304
200_40,200,MBbyMB,True,"['52', '144']","['52', '144']",3412
200_41,200,locpc,True,"['72', '152']","['72', '196']",1824
200_41,200,ldecc,True,"['88', '26']","['72', '196']",504
200_41,200,pc,True,"['152', '72']","['72', '196']",75923
200_41,200,CMB,True,['167'],"['72', '196']",6386
200_41,200,MBbyMB,True,"['26', '118', '180']","['72', '196']",7837
200_42,200,locpc,True,[],"['84', '90']",7388
200_42,200,ldecc,True,"['112', '179']","['84', '90']",520
200_42,200,pc,True,[],"['84', '90']",73233
200_42,200,CMB,False,,"['84', '90']",58513
200_42,200,MBbyMB,True,"['179', '75', '84', '31', '125', '90']","['84', '90']",5148
200_43,200,locpc,True,"['123', '118', '73']","['5', '123']",3588
200_43,200,ldecc,True,"['142', '118']","['5', '123']",2431
200_43,200,pc,True,"['118', '73', '123']","['5', '123']",71102
200_43,200,CMB,True,['73'],"['5', '123']",11601
200_43,200,MBbyMB,True,"['123', '67']","['5', '123']",5314
200_44,200,locpc,True,"['157', '118', '110']",['52'],2067
200_44,200,ldecc,True,"['142', '97']",['52'],2643
200_44,200,pc,True,"['118', '157', '110']",['52'],61996
200_44,200,CMB,True,['52'],['52'],4329
200_44,200,MBbyMB,True,"['52', '118']",['52'],9423
200_45,200,locpc,False,,['77'],2959
200_45,200,ldecc,True,"['174', '192']",['77'],7381
200_45,200,pc,False,,['77'],61990
200_45,200,CMB,False,,['77'],37933
200_45,200,MBbyMB,True,"['78', '77']",['77'],4474
200_46,200,locpc,True,"['178', '154', '128']",['178'],1777
200_46,200,ldecc,True,"['176', '135', '74', '179', '128']",['178'],11235
200_46,200,pc,True,"['128', '154', '178']",['178'],64011
200_46,200,CMB,True,"['135', '178']",['178'],11448
200_46,200,MBbyMB,True,"['92', '135', '178']",['178'],43414
200_47,200,locpc,False,,['54'],3427
200_47,200,ldecc,True,"['87', '118', '120']",['54'],4049
200_47,200,pc,False,,['54'],62789
200_47,200,CMB,True,"['193', '54', '157']",['54'],5012
200_47,200,MBbyMB,True,"['54', '157']",['54'],150806
200_48,200,locpc,True,"['198', '64']",['198'],3786
200_48,200,ldecc,True,"['88', '153', '161']",['198'],7286
200_48,200,pc,True,"['64', '198']",['198'],62856
200_48,200,CMB,True,['173'],['198'],3688
200_48,200,MBbyMB,True,"['162', '198']",['198'],5849
200_49,200,locpc,True,[],['93'],3085
200_49,200,ldecc,True,"['57', '138']",['93'],5212
200_49,200,pc,True,[],['93'],58878
200_49,200,CMB,True,"['104', '93', '198']",['93'],4773
200_49,200,MBbyMB,True,"['72', '93']",['93'],3244
200_50,200,locpc,True,[],['184'],1366
200_50,200,ldecc,True,"['126', '99']",['184'],3839
200_50,200,pc,True,[],['184'],66939
200_50,200,CMB,True,['109'],['184'],13303
200_50,200,MBbyMB,True,[],['184'],2928
200_51,200,locpc,True,[],"['6', '92']",3451
200_51,200,ldecc,True,"['169', '6']","['6', '92']",3486
200_51,200,pc,True,[],"['6', '92']",64982
200_51,200,CMB,False,,"['6', '92']",104399
200_51,200,MBbyMB,True,"['125', '137', '169', '6', '92']","['6', '92']",6117
200_52,200,locpc,True,[],['120'],5232
200_52,200,ldecc,True,"['68', '90']",['120'],519
200_52,200,pc,True,[],['120'],68454
200_52,200,CMB,True,"['179', '120', '51']",['120'],1696
200_52,200,MBbyMB,True,"['193', '179', '120', '51']",['120'],5988
200_53,200,locpc,False,,['36'],5615
200_53,200,ldecc,True,"['139', '119']",['36'],3148
200_53,200,pc,True,"['67', '36', '94']",['36'],68664
200_53,200,CMB,True,['36'],['36'],7776
200_53,200,MBbyMB,True,"['190', '67']",['36'],6914
200_54,200,locpc,False,,"['24', '125']",3064
200_54,200,ldecc,True,"['125', '24']","['24', '125']",497
200_54,200,pc,True,"['24', '125']","['24', '125']",63149
200_54,200,CMB,True,[],"['24', '125']",7833
200_54,200,MBbyMB,True,"['15', '24', '33', '125', '134', '98', '103', '62', '124']","['24', '125']",11901
200_55,200,locpc,True,"['45', '157', '108']",['157'],1257
200_55,200,ldecc,True,['135'],['157'],4101
200_55,200,pc,True,"['108', '45', '157']",['157'],67931
200_55,200,CMB,True,"['157', '108']",['157'],14104
200_55,200,MBbyMB,True,"['190', '157']",['157'],3634
200_56,200,locpc,True,"['51', '71']","['168', '197']",1962
200_56,200,ldecc,True,"['170', '99']","['168', '197']",4925
200_56,200,pc,True,"['197', '168', '71', '51']","['168', '197']",68455
200_56,200,CMB,True,[],"['168', '197']",5586
200_56,200,MBbyMB,True,"['16', '197']","['168', '197']",6471
200_57,200,locpc,True,"['164', '151', '48', '165']","['151', '165']",1963
200_57,200,ldecc,True,['52'],"['151', '165']",4511
200_57,200,pc,True,"['164', '165', '48']","['151', '165']",67379
200_57,200,CMB,True,"['151', '48']","['151', '165']",6709
200_57,200,MBbyMB,True,[],"['151', '165']",5917
200_58,200,locpc,True,[],"['110', '192']",4712
200_58,200,ldecc,True,['165'],"['110', '192']",1915
200_58,200,pc,True,[],"['110', '192']",63686
200_58,200,CMB,True,['110'],"['110', '192']",6141
200_58,200,MBbyMB,True,['110'],"['110', '192']",10070
200_59,200,locpc,True,"['123', '97']","['97', '123']",4063
200_59,200,ldecc,True,"['91', '38']","['97', '123']",3626
200_59,200,pc,True,"['97', '123']","['97', '123']",69215
200_59,200,CMB,True,['97'],"['97', '123']",4331
200_59,200,MBbyMB,True,"['88', '114', '97', '123', '162']","['97', '123']",7788
200_60,200,locpc,True,"['124', '194', '191', '81', '4']",['99'],3453
200_60,200,ldecc,True,"['19', '154', '161']",['99'],50128
200_60,200,pc,True,"['81', '4', '124', '99', '191', '194']",['99'],66957
200_60,200,CMB,True,"['99', '124', '194']",['99'],15840
200_60,200,MBbyMB,True,"['99', '139']",['99'],8163
200_61,200,locpc,True,[],['23'],6016
200_61,200,ldecc,True,"['67', '165', '26']",['23'],803
200_61,200,pc,True,[],['23'],64642
200_61,200,CMB,True,['31'],['23'],12864
200_61,200,MBbyMB,True,"['13', '23', '17']",['23'],9827
200_62,200,locpc,True,"['51', '42', '11', '32', '34']","['32', '34']",3555
200_62,200,ldecc,True,['68'],"['32', '34']",5032
200_62,200,pc,True,"['34', '32', '51', '42', '11']","['32', '34']",66520
200_62,200,CMB,True,"['32', '34']","['32', '34']",7110
200_62,200,MBbyMB,True,"['38', '46', '32', '171', '34']","['32', '34']",13895
200_63,200,locpc,True,"['125', '36', '58']","['36', '58']",1319
200_63,200,ldecc,True,"['58', '78']","['36', '58']",689
200_63,200,pc,True,"['36', '125', '58']","['36', '58']",60780
200_63,200,CMB,True,['69'],"['36', '58']",1552
200_63,200,MBbyMB,True,"['35', '125']","['36', '58']",4956
200_64,200,locpc,True,"['100', '112', '141', '22']","['22', '112']",1913
200_64,200,ldecc,True,"['125', '77']","['22', '112']",10079
200_64,200,pc,True,"['141', '22', '112', '100']","['22', '112']",60135
200_64,200,CMB,True,"['100', '141']","['22', '112']",14878
200_64,200,MBbyMB,True,[],"['22', '112']",7340
200_65,200,locpc,True,"['47', '7', '71', '114', '195']",['7'],2011
200_65,200,ldecc,True,['7'],['7'],3120
200_65,200,pc,True,"['195', '47', '71', '114', '7']",['7'],62373
200_65,200,CMB,True,['47'],['7'],2300
200_65,200,MBbyMB,True,"['123', '7', '114']",['7'],5498
200_66,200,locpc,True,"['87', '159', '146', '112', '102']",['146'],3147
200_66,200,ldecc,True,"['88', '97', '92']",['146'],15599
200_66,200,pc,True,"['146', '112', '159', '102', '87']",['146'],70143
200_66,200,CMB,False,,['146'],113073
200_66,200,MBbyMB,True,"['52', '146']",['146'],5485
200_67,200,locpc,True,"['105', '76', '162', '21']","['33', '57']",9599
200_67,200,ldecc,True,"['59', '105', '27', '33', '162']","['33', '57']",7310
200_67,200,pc,True,"['76', '162', '105', '21']","['33', '57']",73299
200_67,200,CMB,True,"['57', '76']","['33', '57']",20931
200_67,200,MBbyMB,True,"['58', '57', '38', '162', '111']","['33', '57']",12336
200_68,200,locpc,True,"['21', '128']","['21', '128']",3685
200_68,200,ldecc,True,"['90', '89']","['21', '128']",3807
200_68,200,pc,True,"['128', '21']","['21', '128']",60622
200_68,200,CMB,True,"['128', '123']","['21', '128']",8965
200_68,200,MBbyMB,True,"['21', '128', '46']","['21', '128']",5063
200_69,200,locpc,True,"['124', '16', '134']","['57', '175']",3905
200_69,200,ldecc,True,['63'],"['57', '175']",3511
200_69,200,pc,True,"['124', '16', '57', '134']","['57', '175']",63783
200_69,200,CMB,True,"['57', '124', '134']","['57', '175']",9661
200_69,200,MBbyMB,True,"['4', '25', '57', '175', '9', '13']","['57', '175']",12978
200_70,200,locpc,True,"['166', '107', '157']",['166'],2133
200_70,200,ldecc,True,"['190', '157', '13']",['166'],8053
200_70,200,pc,True,"['107', '166', '157']",['166'],64715
200_70,200,CMB,True,"['3', '157', '166', '107']",['166'],2251
200_70,200,MBbyMB,True,"['3', '157', '136', '107']",['166'],10348
200_71,200,locpc,False,,"['140', '163']",2607
200_71,200,ldecc,True,"['169', '32', '140']","['140', '163']",13552
200_71,200,pc,False,,"['140', '163']",63273
200_71,200,CMB,True,['140'],"['140', '163']",5250
200_71,200,MBbyMB,True,"['140', '77']","['140', '163']",5741
200_72,200,locpc,False,,"['37', '141']",2416
200_72,200,ldecc,True,"['153', '161']","['37', '141']",503
200_72,200,pc,True,[],"['37', '141']",59839
200_72,200,CMB,False,,"['37', '141']",32975
200_72,200,MBbyMB,True,"['165', '37', '141']","['37', '141']",3307
200_73,200,locpc,True,"['24', '82']","['2', '136']",3395
200_73,200,ldecc,True,"['44', '108', '96']","['2', '136']",21540
200_73,200,pc,True,"['24', '82', '2']","['2', '136']",66262
200_73,200,CMB,True,"['61', '136']","['2', '136']",2574
200_73,200,MBbyMB,True,"['93', '179', '136']","['2', '136']",8391
200_74,200,locpc,True,[],"['35', '75']",6584
200_74,200,ldecc,True,"['143', '68', '175']","['35', '75']",50326
200_74,200,pc,True,[],"['35', '75']",68904
200_74,200,CMB,True,['75'],"['35', '75']",6959
200_74,200,MBbyMB,True,[],"['35', '75']",5971
200_75,200,locpc,False,,"['160', '171']",4111
200_75,200,ldecc,True,"['84', '76']","['160', '171']",501
200_75,200,pc,False,,"['160', '171']",74258
200_75,200,CMB,False,,"['160', '171']",169451
200_75,200,MBbyMB,True,"['160', '171', '117']","['160', '171']",5110
200_76,200,locpc,True,"['157', '195', '104']","['157', '195']",3948
200_76,200,ldecc,True,['104'],"['157', '195']",3025
200_76,200,pc,True,"['104', '157', '195']","['157', '195']",63179
200_76,200,CMB,True,['183'],"['157', '195']",10548
200_76,200,MBbyMB,True,"['152', '12', '195']","['157', '195']",4907
200_77,200,locpc,True,['146'],"['17', '146']",7725
200_77,200,ldecc,True,"['9', '24']","['17', '146']",515
200_77,200,pc,True,['146'],"['17', '146']",66917
200_77,200,CMB,True,['146'],"['17', '146']",7379
200_77,200,MBbyMB,True,"['2', '147', '146', '17']","['17', '146']",15299
200_78,200,locpc,True,"['124', '190', '17']",['17'],1362
200_78,200,ldecc,True,['21'],['17'],1179
200_78,200,pc,True,"['17', '124', '190']",['17'],67699
200_78,200,CMB,False,,['17'],137257
200_78,200,MBbyMB,True,"['97', '17', '124']",['17'],3492
200_79,200,locpc,True,['69'],"['69', '75']",2849
200_79,200,ldecc,True,['85'],"['69', '75']",3531
200_79,200,pc,True,['69'],"['69', '75']",68907
200_79,200,CMB,True,['69'],"['69', '75']",566
200_79,200,MBbyMB,True,"['189', '69', '29', '75']","['69', '75']",2961
200_80,200,locpc,False,,['126'],5504
200_80,200,ldecc,True,"['32', '195', '93']",['126'],17947
200_80,200,pc,True,['126'],['126'],64147
200_80,200,CMB,False,,['126'],63391
200_80,200,MBbyMB,True,"['117', '199', '126', '54']",['126'],4632
200_81,200,locpc,True,[],['111'],3972
200_81,200,ldecc,True,"['50', '189', '118']",['111'],2210
200_81,200,pc,True,['111'],['111'],69292
200_81,200,CMB,True,"['111', '117']",['111'],9911
200_81,200,MBbyMB,True,"['119', '44', '117', '106', '102']",['111'],5691
200_82,200,locpc,False,,"['35', '65', '196']",4173
200_82,200,ldecc,True,"['65', '35']","['35', '65', '196']",500
200_82,200,pc,True,"['65', '35']","['35', '65', '196']",65407
200_82,200,CMB,True,"['35', '65', '196']","['35', '65', '196']",11524
200_82,200,MBbyMB,True,"['24', '35', '65', '101', '145', '152', '41', '159']","['35', '65', '196']",17908
200_83,200,locpc,True,"['174', '133', '60', '129', '33']","['60', '133']",4240
200_83,200,ldecc,True,['70'],"['60', '133']",4589
200_83,200,pc,True,"['33', '133', '60', '174', '129']","['60', '133']",68047
200_83,200,CMB,True,"['133', '60']","['60', '133']",22150
200_83,200,MBbyMB,True,"['75', '157', '133', '58', '60']","['60', '133']",9462
200_84,200,locpc,True,"['21', '159', '171']","['21', '159']",1607
200_84,200,ldecc,True,['171'],"['21', '159']",1644
200_84,200,pc,True,"['159', '21', '171']","['21', '159']",62304
200_84,200,CMB,True,['199'],"['21', '159']",27391
200_84,200,MBbyMB,True,['21'],"['21', '159']",5003
200_85,200,locpc,False,,"['107', '163']",4135
200_85,200,ldecc,True,"['190', '180']","['107', '163']",540
200_85,200,pc,False,,"['107', '163']",60363
200_85,200,CMB,True,"['163', '107']","['107', '163']",13455
200_85,200,MBbyMB,True,[],"['107', '163']",7400
200_86,200,locpc,False,,['142'],5070
200_86,200,ldecc,True,['103'],['142'],6362
200_86,200,pc,True,[],['142'],65569
200_86,200,CMB,True,['16'],['142'],11119
200_86,200,MBbyMB,True,[],['142'],5363
200_87,200,locpc,False,,['123'],3354
200_87,200,ldecc,True,"['47', '179']",['123'],4249
200_87,200,pc,False,,['123'],63304
200_87,200,CMB,True,"['24', '123', '114']",['123'],5896
200_87,200,MBbyMB,True,"['87', '123']",['123'],5945
200_88,200,locpc,True,[],['91'],285
200_88,200,ldecc,True,"['150', '112']",['91'],7323
200_88,200,pc,True,"['146', '158', '150']",['91'],60439
200_88,200,CMB,True,['146'],['91'],5698
200_88,200,MBbyMB,True,"['138', '158']",['91'],5316
200_89,200,locpc,True,[],['151'],302
200_89,200,ldecc,True,"['26', '61']",['151'],12842
200_89,200,pc,True,"['46', '21']",['151'],66123
200_89,200,CMB,True,"['151', '21']",['151'],17515
200_89,200,MBbyMB,True,"['151', '21']",['151'],4222
200_90,200,locpc,True,"['69', '135', '66']",['135'],1832
200_90,200,ldecc,True,"['141', '135']",['135'],4087
200_90,200,pc,True,"['69', '66', '135']",['135'],63465
200_90,200,CMB,True,"['135', '66']",['135'],1195
200_90,200,MBbyMB,True,"['135', '66']",['135'],5056
200_91,200,locpc,False,,['180'],2279
200_91,200,ldecc,True,"['196', '180']",['180'],2628
200_91,200,pc,False,,['180'],68371
200_91,200,CMB,True,['180'],['180'],6492
200_91,200,MBbyMB,True,"['167', '180']",['180'],3489
200_92,200,locpc,True,[],"['135', '142']",217
200_92,200,ldecc,True,['194'],"['135', '142']",4961
200_92,200,pc,True,[],"['135', '142']",68442
200_92,200,CMB,True,['135'],"['135', '142']",6537
200_92,200,MBbyMB,True,['198'],"['135', '142']",4925
200_93,200,locpc,True,"['41', '4', '26', '167', '148']","['4', '41']",2916
200_93,200,ldecc,True,"['173', '167', '54']","['4', '41']",3726
200_93,200,pc,True,"['41', '167', '148', '26']","['4', '41']",70266
200_93,200,CMB,True,['4'],"['4', '41']",6230
200_93,200,MBbyMB,True,"['32', '105', '196', '4', '41']","['4', '41']",3312
200_94,200,locpc,True,"['190', '62', '53', '167']","['167', '190']",3079
200_94,200,ldecc,True,"['167', '8']","['167', '190']",6032
200_94,200,pc,True,"['190', '167', '53', '62']","['167', '190']",72888
200_94,200,CMB,True,['62'],"['167', '190']",12127
200_94,200,MBbyMB,True,"['14', '26', '137', '166', '167', '5', '190', '79']","['167', '190']",10571
200_95,200,locpc,True,['120'],['120'],1737
200_95,200,ldecc,True,"['4', '66']",['120'],1525
200_95,200,pc,True,['120'],['120'],62815
200_95,200,CMB,False,,['120'],54116
200_95,200,MBbyMB,True,"['120', '57']",['120'],90712
200_96,200,locpc,True,"['138', '21']","['123', '138']",1002
200_96,200,ldecc,True,"['21', '138']","['123', '138']",5813
200_96,200,pc,True,"['21', '138']","['123', '138']",64050
200_96,200,CMB,True,[],"['123', '138']",9115
200_96,200,MBbyMB,True,['21'],"['123', '138']",14252
200_97,200,locpc,True,[],"['151', '198']",7681
200_97,200,ldecc,True,"['84', '129']","['151', '198']",1904
200_97,200,pc,True,[],"['151', '198']",71942
200_97,200,CMB,True,"['151', '132']","['151', '198']",15957
200_97,200,MBbyMB,True,"['125', '198']","['151', '198']",8123
200_98,200,locpc,True,[],"['90', '132']",1540
200_98,200,ldecc,True,['90'],"['90', '132']",1179
200_98,200,pc,True,[],"['90', '132']",68374
200_98,200,CMB,False,,"['90', '132']",147694
200_98,200,MBbyMB,True,"['117', '90', '12']","['90', '132']",131395
200_99,200,locpc,False,,['137'],6206
200_99,200,ldecc,True,"['137', '166']",['137'],3520
200_99,200,pc,True,[],['137'],77870
200_99,200,CMB,True,['59'],['137'],8637
200_99,200,MBbyMB,True,[],['137'],7653
